[Licensing::Module] Trying to connect to existing licensing client channel...
Built from '6000.3/staging' branch; Version is '6000.3.23f1 (09d2ecc7fb28) revision 643820'; Using compiler version '194234433'; Build Type 'Release'
OS: 'Windows 11  (10.0.26200) Professional' Language: 'ru' Physical Memory: 15774 MB
[Licensing::IpcConnector] Successfully connected to: "LicenseClient-alexf" at "2026-09-12T10:34:58.8653826Z"
BatchMode: 1, IsHumanControllingUs: 0, StartBugReporterOnCrash: 0, Is64bit: 1
System  architecture: x64
Process architecture: x64
Date: 2026-09-12T10:34:58Z
[Licensing::Client] Code 10 while verifying Licensing Client signature (process Id: 17088, path: "C:/Program Files/Unity Hub/UnityLicensingClient_V1/Unity.Licensing.Client.exe")
[Licensing::Module] LicensingClient has failed validation; ignoring
[Licensing::Client] Handshaking with LicensingClient:
  Version:                 1.18.3+d7ffd15
  Session Id:              cf0a6be7f1724ec0a70ffa90ce207514
  Correlation Id:          a290d1c06234e7932240b1c577895ba8
  External correlation Id: 7366854657200139510
  Machine Id:              +OAQAnJ7Z6ADVfkzKEIIzVA0kc8=
[Licensing::Module] Successfully connected to LicensingClient on channel: "LicenseClient-alexf" (connect: 0.00s, validation: 0.00s, handshake: 0.06s)
[Licensing::IpcConnector] Successfully connected to: "LicenseClient-alexf-notifications" at "2026-09-12T10:34:58.9277536Z"
[Licensing::Module] Licensing Background thread has ended after 0.06s

COMMAND LINE ARGUMENTS:
C:\Program Files\Unity\Hub\Editor\6000.3.23f1\Editor\Unity.exe
-adb2
-batchMode
-noUpm
-name
AssetImportWorker6
-projectPath
C:/Unity/Prizm
-logFile
Logs/AssetImportWorker6.log
-srvPort
50605
-parentPid
12544
-analyticsCloudUserId
10171583763260
-analyticsCloudProjectId
8f1840e7-b480-4eec-9feb-5377ec2f5920
-analyticsLocalProjectId
bdd83dd2c2fdd6c47a41db5e06ca3f19
-editorAnalyticsEnabled
1
-cbmEditorLicense
83070d8dcec7825c34f430beb5a06e72bf3edb1c
-cbmMachineId
+OAQAnJ7Z6ADVfkzKEIIzVA0kc8=
-job-worker-count
5
-background-job-worker-count
8
-gc-helper-count
1
-name
AssetImport
Successfully changed project path to: C:/Unity/Prizm
C:/Unity/Prizm
[UnityMemory] Configuration Parameters - Can be set up in boot.config
    "memorysetup-temp-allocator-size-nav-mesh-worker=65536"
    "memorysetup-temp-allocator-size-audio-worker=65536"
    "memorysetup-temp-allocator-size-gfx=262144"
    "memorysetup-allocator-temp-initial-block-size-main=262144"
    "memorysetup-allocator-temp-initial-block-size-worker=262144"
    "memorysetup-temp-allocator-size-background-worker=32768"
    "memorysetup-temp-allocator-size-job-worker=262144"
    "memorysetup-temp-allocator-size-preload-manager=33554432"
    "memorysetup-remapper-allocator-initial-capacity=32768"
    "memorysetup-temp-allocator-size-gi-baking-worker=262144"
    "memorysetup-temp-allocator-size-gi-baking-worker=262144"
    "memorysetup-temp-allocator-size-gi-baking-worker=262144"
    "memorysetup-temp-allocator-size-gi-baking-worker=262144"
    "memorysetup-temp-allocator-size-gi-baking-worker=262144"
    "memorysetup-bucket-allocator-granularity=16"
    "memorysetup-bucket-allocator-bucket-count=8"
    "memorysetup-bucket-allocator-block-size=33554432"
    "memorysetup-bucket-allocator-block-count=8"
    "memorysetup-main-allocator-block-size=16777216"
    "memorysetup-thread-allocator-block-size=16777216"
    "memorysetup-gfx-main-allocator-block-size=16777216"
    "memorysetup-gfx-thread-allocator-block-size=16777216"
    "memorysetup-cache-allocator-block-size=4194304"
    "memorysetup-typetree-allocator-block-size=2097152"
    "memorysetup-profiler-bucket-allocator-granularity=16"
    "memorysetup-profiler-bucket-allocator-bucket-count=8"
    "memorysetup-profiler-bucket-allocator-block-size=33554432"
    "memorysetup-profiler-bucket-allocator-block-count=8"
    "memorysetup-profiler-allocator-block-size=16777216"
    "memorysetup-profiler-editor-allocator-block-size=1048576"
    "memorysetup-temp-allocator-size-main=16777216"
    "memorysetup-job-temp-allocator-block-size=2097152"
    "memorysetup-job-temp-allocator-block-size-background=1048576"
    "memorysetup-job-temp-allocator-reduction-small-platforms=262144"
    "memorysetup-temp-allocator-size-cloud-worker=32768"
Player connection [22780]  Target information:

Player connection [22780]  * "[IP] 192.168.0.178 [Port] 0 [Flags] 2 [Guid] 3291343183 [EditorId] 3291343183 [Version] 1048832 [Id] WindowsEditor(7,WIN-OFTAFMSO75S) [Debug] 1 [PackageName] WindowsEditor [ProjectName] Editor" 

Player connection [22780] Host joined multi-casting on [225.0.0.222:54997]...
Player connection [22780] Host joined alternative multi-casting on [225.0.0.222:34997]...
JobSystem: Creating JobQueue using job-worker-count value 5
Input System module state changed to: Initialized.
[Physics::Module] Initialized fallback backend.
[Physics::Module] Id: 0xdecafbad
Library Redirect Path: Library/
[Physics::Module] Selected backend.
[Physics::Module] Name: PhysX
[Physics::Module] Id: 0xf2b8ea05
[Physics::Module] SDK Version: 4.1.2
[Physics::Module] Integration Version: 1.0.0
[Physics::Module] Threading Mode: Multi-Threaded
Refreshing native plugins compatible for Editor in 11.11 ms, found 5 plugins.
Preloading 1 native plugins for Editor in 3.16 ms.
Initialize engine version: 6000.3.23f1 (09d2ecc7fb28)
[Subsystems] Discovering subsystems at path C:/Program Files/Unity/Hub/Editor/6000.3.23f1/Editor/Data/Resources/UnitySubsystems
[Subsystems] Discovering subsystems at path C:/Unity/Prizm/Assets
GfxDevice: creating device client; kGfxThreadingModeNonThreaded
d3d12: failed to query info queue interface (0x80004002).
Direct3D:
    Version:         Direct3D 12 [level 12.1]
    Renderer:        AMD Radeon (TM) Graphics (ID=0x15e7)
    Vendor:          ATI
    VRAM:            7887 MB
    App VRAM Budget: 7707 MB
    Driver:          31.0.12042.4
    Unified Memory Architecture
Initialize mono
Mono path[0] = 'C:/Program Files/Unity/Hub/Editor/6000.3.23f1/Editor/Data/Managed'
Mono path[1] = 'C:/Program Files/Unity/Hub/Editor/6000.3.23f1/Editor/Data/MonoBleedingEdge/lib/mono/unityjit-win32'
Mono config path = 'C:/Program Files/Unity/Hub/Editor/6000.3.23f1/Editor/Data/MonoBleedingEdge/etc'
Using monoOptions --debugger-agent=transport=dt_socket,embedding=1,server=y,suspend=n,address=127.0.0.1:56444
Begin MonoManager ReloadAssembly
Registering precompiled unity dll's ...
Register platform support module: C:/Program Files/Unity/Hub/Editor/6000.3.23f1/Editor/Data/PlaybackEngines/WindowsStandaloneSupport/UnityEditor.WindowsStandalone.Extensions.dll
Registered in 0.003721 seconds.
- Loaded All Assemblies, in  0.758 seconds
Native extension for WindowsStandalone target not found
Package Manager log level set to [2]
[Package Manager] Failed to launch server process. Reason: Unity was launched with the -noUpm command-line argument
[Package Manager] Unable to send message (not connected to server process).
[Package Manager] Cannot connect to Unity Package Manager local server
ScheduleIndexationOnStartup MainProcess:False IndexOnStartup:True
Mono: successfully reloaded assembly
- Finished resetting the current domain, in  0.602 seconds
Domain Reload Profiling: 1356ms
	BeginReloadAssembly (248ms)
		ExecutionOrderSort (0ms)
		DisableScriptedObjects (0ms)
		BackupInstance (0ms)
		ReleaseScriptingObjects (0ms)
		CreateAndSetChildDomain (2ms)
	RebuildCommonClasses (67ms)
	RebuildNativeTypeToScriptingClass (18ms)
	initialDomainReloadingComplete (99ms)
	LoadAllAssembliesAndSetupDomain (322ms)
		LoadAssemblies (242ms)
		RebuildTransferFunctionScriptingTraits (0ms)
		AnalyzeDomain (316ms)
			TypeCache.Refresh (314ms)
				TypeCache.ScanAssembly (296ms)
			BuildScriptInfoCaches (0ms)
			ResolveRequiredComponents (1ms)
	FinalizeReload (603ms)
		ReleaseScriptCaches (0ms)
		RebuildScriptCaches (0ms)
		SetupLoadedEditorAssemblies (508ms)
			LogAssemblyErrors (0ms)
			InitializePlatformSupportModulesInManaged (56ms)
			SetLoadedEditorAssemblies (4ms)
			BeforeProcessingInitializeOnLoad (115ms)
			ProcessInitializeOnLoadAttributes (209ms)
			ProcessInitializeOnLoadMethodAttributes (124ms)
			AfterProcessingInitializeOnLoad (0ms)
			EditorAssembliesLoaded (0ms)
		ExecutionOrderSort2 (0ms)
		AwakeInstancesAfterBackupRestoration (0ms)
[Licensing::Client] Successfully resolved entitlement details
[Licensing::Module] License group:
  Id: 10171583763260-UnityPersXXXX
  Product: Unity Personal
  Type: Assigned
  Expiration: Unlimited
========================================================================
Worker process is ready to serve import requests
Import Worker Mode flag is 0x00
Begin MonoManager ReloadAssembly
Symbol file LoadedFromMemory is not a mono symbol file
Symbol file LoadedFromMemory is not a mono symbol file
- Loaded All Assemblies, in  1.648 seconds
Refreshing native plugins compatible for Editor in 7.69 ms, found 5 plugins.
Native extension for WindowsStandalone target not found
[Package Manager] Failed to launch server process. Reason: Unity was launched with the -noUpm command-line argument
[Package Manager] Unable to send message (not connected to server process).
[Package Manager] Cannot connect to Unity Package Manager local server
Refreshing native plugins compatible for Editor in 4.62 ms, found 5 plugins.
[Package Manager] Failed to launch server process. Reason: Unity was launched with the -noUpm command-line argument
[Package Manager] Unable to send message (not connected to server process).
[Package Manager] Cannot connect to Unity Package Manager local server
[Licensing::Client] Error: Code 404 while processing request (status: Found 0 entitlement groups and 0 free entitlements matching requested entitlement ids)
ScheduleIndexationOnStartup MainProcess:False IndexOnStartup:True
Mono: successfully reloaded assembly
- Finished resetting the current domain, in  2.415 seconds
Domain Reload Profiling: 4056ms
	BeginReloadAssembly (244ms)
		ExecutionOrderSort (0ms)
		DisableScriptedObjects (8ms)
		BackupInstance (0ms)
		ReleaseScriptingObjects (0ms)
		CreateAndSetChildDomain (41ms)
	RebuildCommonClasses (47ms)
	RebuildNativeTypeToScriptingClass (17ms)
	initialDomainReloadingComplete (91ms)
	LoadAllAssembliesAndSetupDomain (1242ms)
		LoadAssemblies (702ms)
		RebuildTransferFunctionScriptingTraits (0ms)
		AnalyzeDomain (670ms)
			TypeCache.Refresh (528ms)
				TypeCache.ScanAssembly (501ms)
			BuildScriptInfoCaches (122ms)
			ResolveRequiredComponents (11ms)
	FinalizeReload (2416ms)
		ReleaseScriptCaches (0ms)
		RebuildScriptCaches (0ms)
		SetupLoadedEditorAssemblies (2071ms)
			LogAssemblyErrors (0ms)
			InitializePlatformSupportModulesInManaged (2ms)
			SetLoadedEditorAssemblies (7ms)
			BeforeProcessingInitializeOnLoad (285ms)
			ProcessInitializeOnLoadAttributes (1371ms)
			ProcessInitializeOnLoadMethodAttributes (393ms)
			AfterProcessingInitializeOnLoad (11ms)
			EditorAssembliesLoaded (1ms)
		ExecutionOrderSort2 (0ms)
		AwakeInstancesAfterBackupRestoration (13ms)
Launched and connected shader compiler UnityShaderCompiler.exe after 0.02 seconds
Refreshing native plugins compatible for Editor in 4.76 ms, found 5 plugins.
Preloading 1 native plugins for Editor in 0.14 ms.
Unloading 59 Unused Serialized files (Serialized files now loaded: 0)
Curl error 3: URL rejected: Malformed input to a URL function
Unloading 10279 unused Assets / (20.9 MB). Loaded Objects now: 11106.
Memory consumption went from 215.2 MB to 194.3 MB.
Total: 37.625800 ms (FindLiveObjects: 2.930300 ms CreateObjectMapping: 2.514400 ms MarkObjects: 24.637200 ms  DeleteObjects: 7.541600 ms)

========================================================================
Received Import Request.
  Time since last request: 374861.877936 seconds.
  path: Assets/Thirdparty/Ciathyza/Gridbox Prototype Materials/Materials/Standard/Prototype_512x512_Olive.mat
  artifactKey: Guid(f794c8451763f354c84ed1f9b0ea15a5) Importer(2089858483,b0f066a214c2f5e87bad3c948f4d605d)
Start importing Assets/Thirdparty/Ciathyza/Gridbox Prototype Materials/Materials/Standard/Prototype_512x512_Olive.mat using Guid(f794c8451763f354c84ed1f9b0ea15a5) Importer(2089858483,b0f066a214c2f5e87bad3c948f4d605d) (ScriptedImporter) -> (artifact id: '5a08e45053c668e4a65221bb31145026') in 0.2216183 seconds
Number of updated asset objects reloaded before import = 0Number of asset objects unloaded after import = 3

========================================================================
Received Import Request.
  Time since last request: 0.000077 seconds.
  path: Assets/Thirdparty/Ciathyza/Gridbox Prototype Materials/Materials/Standard/Prototype_512x512_Green2.mat
  artifactKey: Guid(dbe80190c9adea34c8c8845ca4a17934) Importer(2089858483,b0f066a214c2f5e87bad3c948f4d605d)
Start importing Assets/Thirdparty/Ciathyza/Gridbox Prototype Materials/Materials/Standard/Prototype_512x512_Green2.mat using Guid(dbe80190c9adea34c8c8845ca4a17934) Importer(2089858483,b0f066a214c2f5e87bad3c948f4d605d) (ScriptedImporter) -> (artifact id: 'f85b236f825a28019c32cb45155d48d4') in 0.0332782 seconds
Number of updated asset objects reloaded before import = 0Number of asset objects unloaded after import = 3

========================================================================
Received Import Request.
  Time since last request: 0.000044 seconds.
  path: Assets/Thirdparty/Ciathyza/Gridbox Prototype Materials/Materials/Standard/Prototype_512x512_Blue3.mat
  artifactKey: Guid(b0b4de3bd6e976e4f8b3adc6e72377ed) Importer(2089858483,b0f066a214c2f5e87bad3c948f4d605d)
Start importing Assets/Thirdparty/Ciathyza/Gridbox Prototype Materials/Materials/Standard/Prototype_512x512_Blue3.mat using Guid(b0b4de3bd6e976e4f8b3adc6e72377ed) Importer(2089858483,b0f066a214c2f5e87bad3c948f4d605d) (ScriptedImporter) -> (artifact id: '33afbffd0202736e79b903e21b2bc357') in 0.0264707 seconds
Number of updated asset objects reloaded before import = 0Number of asset objects unloaded after import = 3

========================================================================
Received Import Request.
  Time since last request: 0.000034 seconds.
  path: Assets/Thirdparty/Ciathyza/Gridbox Prototype Materials/Materials/Standard/Prototype_512x512_Orange.mat
  artifactKey: Guid(652107f36a28e44479c0b827dee5852a) Importer(2089858483,b0f066a214c2f5e87bad3c948f4d605d)
Start importing Assets/Thirdparty/Ciathyza/Gridbox Prototype Materials/Materials/Standard/Prototype_512x512_Orange.mat using Guid(652107f36a28e44479c0b827dee5852a) Importer(2089858483,b0f066a214c2f5e87bad3c948f4d605d) (ScriptedImporter) -> (artifact id: '41d501299fa37caacd2e47a7b1b72208') in 0.0267945 seconds
Number of updated asset objects reloaded before import = 0Number of asset objects unloaded after import = 3

========================================================================
Received Import Request.
  Time since last request: 0.000044 seconds.
  path: Assets/Thirdparty/Ciathyza/Gridbox Prototype Materials/Materials/Standard/Prototype_512x512_Cyan.mat
  artifactKey: Guid(cba66c276aed0874091de1c33eb3950d) Importer(2089858483,b0f066a214c2f5e87bad3c948f4d605d)
Start importing Assets/Thirdparty/Ciathyza/Gridbox Prototype Materials/Materials/Standard/Prototype_512x512_Cyan.mat using Guid(cba66c276aed0874091de1c33eb3950d) Importer(2089858483,b0f066a214c2f5e87bad3c948f4d605d) (ScriptedImporter) -> (artifact id: '5e9b30a9e784afae3ad833944127030f') in 0.030758 seconds
Number of updated asset objects reloaded before import = 0Number of asset objects unloaded after import = 3

========================================================================
Received Import Request.
  Time since last request: 0.000052 seconds.
  path: Assets/Thirdparty/Ciathyza/Gridbox Prototype Materials/Materials/Standard/Prototype_512x512_Purple.mat
  artifactKey: Guid(36bce9ab6cae8ce43962938466458044) Importer(2089858483,b0f066a214c2f5e87bad3c948f4d605d)
Start importing Assets/Thirdparty/Ciathyza/Gridbox Prototype Materials/Materials/Standard/Prototype_512x512_Purple.mat using Guid(36bce9ab6cae8ce43962938466458044) Importer(2089858483,b0f066a214c2f5e87bad3c948f4d605d) (ScriptedImporter) -> (artifact id: '074742a070639a7849ccc855b55a12ac') in 0.0387461 seconds
Number of updated asset objects reloaded before import = 0Number of asset objects unloaded after import = 3

========================================================================
Received Import Request.
  Time since last request: 0.000044 seconds.
  path: Assets/Thirdparty/Ciathyza/Gridbox Prototype Materials/Materials/Standard/Prototype_512x512_Green1.mat
  artifactKey: Guid(79f64ed6f5d6d374d91c3a0af4070258) Importer(2089858483,b0f066a214c2f5e87bad3c948f4d605d)
Start importing Assets/Thirdparty/Ciathyza/Gridbox Prototype Materials/Materials/Standard/Prototype_512x512_Green1.mat using Guid(79f64ed6f5d6d374d91c3a0af4070258) Importer(2089858483,b0f066a214c2f5e87bad3c948f4d605d) (ScriptedImporter) -> (artifact id: 'cb85e1a84f04d87aba3ffd52d6e14bab') in 0.0299453 seconds
Number of updated asset objects reloaded before import = 0Number of asset objects unloaded after import = 3

========================================================================
Received Import Request.
  Time since last request: 0.000029 seconds.
  path: Assets/Thirdparty/Ciathyza/Gridbox Prototype Materials/Materials/Standard/Prototype_512x512_Brown.mat
  artifactKey: Guid(a54b7ad866d3a9b47bbf3b53baa0acc4) Importer(2089858483,b0f066a214c2f5e87bad3c948f4d605d)
Start importing Assets/Thirdparty/Ciathyza/Gridbox Prototype Materials/Materials/Standard/Prototype_512x512_Brown.mat using Guid(a54b7ad866d3a9b47bbf3b53baa0acc4) Importer(2089858483,b0f066a214c2f5e87bad3c948f4d605d) (ScriptedImporter) -> (artifact id: '3f15170b5175599e910d703b1a0ba799') in 0.0252313 seconds
Number of updated asset objects reloaded before import = 0Number of asset objects unloaded after import = 3

========================================================================
Received Import Request.
  Time since last request: 0.000177 seconds.
  path: Assets/Thirdparty/Ciathyza/Gridbox Prototype Materials/Materials/Standard/Prototype_512x512_Pink.mat
  artifactKey: Guid(4944e2c33c99f9f46a4796e2e746213e) Importer(2089858483,b0f066a214c2f5e87bad3c948f4d605d)
Start importing Assets/Thirdparty/Ciathyza/Gridbox Prototype Materials/Materials/Standard/Prototype_512x512_Pink.mat using Guid(4944e2c33c99f9f46a4796e2e746213e) Importer(2089858483,b0f066a214c2f5e87bad3c948f4d605d) (ScriptedImporter) -> (artifact id: '2843518d807d2b122e2c7e043a7e27ea') in 0.0318921 seconds
Number of updated asset objects reloaded before import = 0Number of asset objects unloaded after import = 3

========================================================================
Received Prepare
Begin MonoManager ReloadAssembly
[Licensing::Client] Successfully resolved entitlement details
Symbol file LoadedFromMemory is not a mono symbol file
Symbol file LoadedFromMemory is not a mono symbol file
- Loaded All Assemblies, in  1.540 seconds
Refreshing native plugins compatible for Editor in 4.45 ms, found 5 plugins.
Native extension for WindowsStandalone target not found
[Package Manager] Failed to launch server process. Reason: Unity was launched with the -noUpm command-line argument
[Package Manager] Unable to send message (not connected to server process).
[Package Manager] Cannot connect to Unity Package Manager local server
Refreshing native plugins compatible for Editor in 6.12 ms, found 5 plugins.
[Package Manager] Failed to launch server process. Reason: Unity was launched with the -noUpm command-line argument
[Package Manager] Unable to send message (not connected to server process).
[Package Manager] Cannot connect to Unity Package Manager local server
[Licensing::Client] Error: Code 404 while processing request (status: Found 0 entitlement groups and 0 free entitlements matching requested entitlement ids)
ScheduleIndexationOnStartup MainProcess:False IndexOnStartup:True
Mono: successfully reloaded assembly
- Finished resetting the current domain, in  2.295 seconds
Domain Reload Profiling: 3832ms
	BeginReloadAssembly (374ms)
		ExecutionOrderSort (0ms)
		DisableScriptedObjects (12ms)
		BackupInstance (0ms)
		ReleaseScriptingObjects (0ms)
		CreateAndSetChildDomain (134ms)
	RebuildCommonClasses (45ms)
	RebuildNativeTypeToScriptingClass (21ms)
	initialDomainReloadingComplete (77ms)
	LoadAllAssembliesAndSetupDomain (1016ms)
		LoadAssemblies (678ms)
		RebuildTransferFunctionScriptingTraits (0ms)
		AnalyzeDomain (471ms)
			TypeCache.Refresh (13ms)
				TypeCache.ScanAssembly (0ms)
			BuildScriptInfoCaches (430ms)
			ResolveRequiredComponents (15ms)
	FinalizeReload (2298ms)
		ReleaseScriptCaches (0ms)
		RebuildScriptCaches (0ms)
		SetupLoadedEditorAssemblies (1996ms)
			LogAssemblyErrors (0ms)
			InitializePlatformSupportModulesInManaged (3ms)
			SetLoadedEditorAssemblies (10ms)
			BeforeProcessingInitializeOnLoad (325ms)
			ProcessInitializeOnLoadAttributes (1074ms)
			ProcessInitializeOnLoadMethodAttributes (568ms)
			AfterProcessingInitializeOnLoad (14ms)
			EditorAssembliesLoaded (2ms)
		ExecutionOrderSort2 (0ms)
		AwakeInstancesAfterBackupRestoration (32ms)
Refreshing native plugins compatible for Editor in 6.93 ms, found 5 plugins.
Preloading 1 native plugins for Editor in 0.12 ms.
Unloading 59 Unused Serialized files (Serialized files now loaded: 0)
Unloading 10276 unused Assets / (21.3 MB). Loaded Objects now: 11123.
Memory consumption went from 222.6 MB to 201.2 MB.
Total: 62.985900 ms (FindLiveObjects: 2.903700 ms CreateObjectMapping: 4.015300 ms MarkObjects: 36.658900 ms  DeleteObjects: 19.402600 ms)

Prepare: number of updated asset objects reloaded= 0
========================================================================
Received Import Request.
  Time since last request: 406.935656 seconds.
  path: Assets/!_Project/Scenes/02_GameLevel.unity
  artifactKey: Guid(afc01bc668060a5419f8ee1d40ef0051) Importer(2089858483,b0f066a214c2f5e87bad3c948f4d605d)
Start importing Assets/!_Project/Scenes/02_GameLevel.unity using Guid(afc01bc668060a5419f8ee1d40ef0051) Importer(2089858483,b0f066a214c2f5e87bad3c948f4d605d) (ScriptedImporter) -> (artifact id: 'f204d9ce293ff87f8bbe184649949bdd') in 0.0839394 seconds
Number of updated asset objects reloaded before import = 0Number of asset objects unloaded after import = 1

========================================================================
Received Import Request.
  Time since last request: 0.000041 seconds.
  path: Assets/Thirdparty/Ciathyza/Gridbox Prototype Materials/Materials/Standard/Prototype_512x512_Grey3.mat
  artifactKey: Guid(17c44fb3e5be9644586a0728a5f5a386) Importer(2089858483,b0f066a214c2f5e87bad3c948f4d605d)
Start importing Assets/Thirdparty/Ciathyza/Gridbox Prototype Materials/Materials/Standard/Prototype_512x512_Grey3.mat using Guid(17c44fb3e5be9644586a0728a5f5a386) Importer(2089858483,b0f066a214c2f5e87bad3c948f4d605d) (ScriptedImporter) -> (artifact id: '7a4e7fecf1895c0fe5755b20332c074a') in 0.0680777 seconds
Number of updated asset objects reloaded before import = 0Number of asset objects unloaded after import = 4

========================================================================
Received Prepare
Begin MonoManager ReloadAssembly
[Licensing::Client] Successfully resolved entitlement details
Symbol file LoadedFromMemory is not a mono symbol file
Symbol file LoadedFromMemory is not a mono symbol file
- Loaded All Assemblies, in  1.537 seconds
Refreshing native plugins compatible for Editor in 4.27 ms, found 5 plugins.
Native extension for WindowsStandalone target not found
[Package Manager] Failed to launch server process. Reason: Unity was launched with the -noUpm command-line argument
[Package Manager] Unable to send message (not connected to server process).
[Package Manager] Cannot connect to Unity Package Manager local server
Refreshing native plugins compatible for Editor in 6.60 ms, found 5 plugins.
[Package Manager] Failed to launch server process. Reason: Unity was launched with the -noUpm command-line argument
[Package Manager] Unable to send message (not connected to server process).
[Package Manager] Cannot connect to Unity Package Manager local server
[Licensing::Client] Error: Code 404 while processing request (status: Found 0 entitlement groups and 0 free entitlements matching requested entitlement ids)
ScheduleIndexationOnStartup MainProcess:False IndexOnStartup:True
Mono: successfully reloaded assembly
- Finished resetting the current domain, in  2.452 seconds
Domain Reload Profiling: 3990ms
	BeginReloadAssembly (321ms)
		ExecutionOrderSort (0ms)
		DisableScriptedObjects (11ms)
		BackupInstance (0ms)
		ReleaseScriptingObjects (0ms)
		CreateAndSetChildDomain (105ms)
	RebuildCommonClasses (49ms)
	RebuildNativeTypeToScriptingClass (17ms)
	initialDomainReloadingComplete (81ms)
	LoadAllAssembliesAndSetupDomain (1070ms)
		LoadAssemblies (710ms)
		RebuildTransferFunctionScriptingTraits (0ms)
		AnalyzeDomain (482ms)
			TypeCache.Refresh (15ms)
				TypeCache.ScanAssembly (0ms)
			BuildScriptInfoCaches (448ms)
			ResolveRequiredComponents (10ms)
	FinalizeReload (2453ms)
		ReleaseScriptCaches (0ms)
		RebuildScriptCaches (0ms)
		SetupLoadedEditorAssemblies (2158ms)
			LogAssemblyErrors (0ms)
			InitializePlatformSupportModulesInManaged (2ms)
			SetLoadedEditorAssemblies (10ms)
			BeforeProcessingInitializeOnLoad (369ms)
			ProcessInitializeOnLoadAttributes (1085ms)
			ProcessInitializeOnLoadMethodAttributes (675ms)
			AfterProcessingInitializeOnLoad (16ms)
			EditorAssembliesLoaded (1ms)
		ExecutionOrderSort2 (0ms)
		AwakeInstancesAfterBackupRestoration (33ms)
Refreshing native plugins compatible for Editor in 6.51 ms, found 5 plugins.
Preloading 1 native plugins for Editor in 0.18 ms.
Unloading 59 Unused Serialized files (Serialized files now loaded: 0)
Unloading 10276 unused Assets / (21.1 MB). Loaded Objects now: 11126.
Memory consumption went from 222.5 MB to 201.4 MB.
Total: 58.146900 ms (FindLiveObjects: 3.031200 ms CreateObjectMapping: 3.409100 ms MarkObjects: 32.858900 ms  DeleteObjects: 18.843300 ms)

Prepare: number of updated asset objects reloaded= 0
========================================================================
Received Import Request.
  Time since last request: 392.750740 seconds.
  path: Assets/!_Project/Scenes/01_MainMenu.unity
  artifactKey: Guid(99c9720ab356a0642a771bea13969a05) Importer(815301076,1909f56bfc062723c751e8b465ee728b)
Start importing Assets/!_Project/Scenes/01_MainMenu.unity using Guid(99c9720ab356a0642a771bea13969a05) Importer(815301076,1909f56bfc062723c751e8b465ee728b) (PreviewImporter) -> (artifact id: 'c244c1a7e24cdaf9c734a1ecd6e03a19') in 0.0066098 seconds
Number of updated asset objects reloaded before import = 0Number of asset objects unloaded after import = 0

========================================================================
Received Import Request.
  Time since last request: 862.714891 seconds.
  path: Assets/Thirdparty/Ciathyza/Gridbox Prototype Materials/Materials/Standard/Prototype_512x512_Yellow.mat
  artifactKey: Guid(c852af001dae0064e9acaa832f1dadb7) Importer(2089858483,b0f066a214c2f5e87bad3c948f4d605d)
Start importing Assets/Thirdparty/Ciathyza/Gridbox Prototype Materials/Materials/Standard/Prototype_512x512_Yellow.mat using Guid(c852af001dae0064e9acaa832f1dadb7) Importer(2089858483,b0f066a214c2f5e87bad3c948f4d605d) (ScriptedImporter) -> (artifact id: '0a4eb4b1eeed00843ef9ffc86b63ef2f') in 0.14017 seconds
Number of updated asset objects reloaded before import = 0Number of asset objects unloaded after import = 4

========================================================================
Received Import Request.
  Time since last request: 0.000031 seconds.
  path: Assets/!_Project/Scenes/04_FinalScene.unity
  artifactKey: Guid(bd4529a97cd86844c98a220dd969b36b) Importer(2089858483,b0f066a214c2f5e87bad3c948f4d605d)
Start importing Assets/!_Project/Scenes/04_FinalScene.unity using Guid(bd4529a97cd86844c98a220dd969b36b) Importer(2089858483,b0f066a214c2f5e87bad3c948f4d605d) (ScriptedImporter) -> (artifact id: 'cf80fab3856387cde45a96a0a6615789') in 0.0228707 seconds
Number of updated asset objects reloaded before import = 0Number of asset objects unloaded after import = 1

========================================================================
Received Import Request.
  Time since last request: 0.000060 seconds.
  path: Assets/!_Project/Scenes/02_GameLevel.unity
  artifactKey: Guid(afc01bc668060a5419f8ee1d40ef0051) Importer(2089858483,b0f066a214c2f5e87bad3c948f4d605d)
Start importing Assets/!_Project/Scenes/02_GameLevel.unity using Guid(afc01bc668060a5419f8ee1d40ef0051) Importer(2089858483,b0f066a214c2f5e87bad3c948f4d605d) (ScriptedImporter) -> (artifact id: '86d7c3190b64a594aee8e894530cd325') in 0.0281091 seconds
Number of updated asset objects reloaded before import = 0Number of asset objects unloaded after import = 1

========================================================================
Received Prepare
Refreshing native plugins compatible for Editor in 5.83 ms, found 5 plugins.
Preloading 1 native plugins for Editor in 0.11 ms.
Unloading 59 Unused Serialized files (Serialized files now loaded: 0)
Unloading 10257 unused Assets / (18.8 MB). Loaded Objects now: 11127.
Memory consumption went from 222.6 MB to 203.8 MB.
Total: 41.834300 ms (FindLiveObjects: 1.618200 ms CreateObjectMapping: 2.050700 ms MarkObjects: 27.887900 ms  DeleteObjects: 10.274800 ms)

Prepare: number of updated asset objects reloaded= 0
========================================================================
Received Import Request.
  Time since last request: 18.340127 seconds.
  path: Assets/!_Project/Scripts/SceneSwitcher.cs
  artifactKey: Guid(1ba072cf5ca68114e8a7f593e05c80e2) Importer(815301076,1909f56bfc062723c751e8b465ee728b)
Start importing Assets/!_Project/Scripts/SceneSwitcher.cs using Guid(1ba072cf5ca68114e8a7f593e05c80e2) Importer(815301076,1909f56bfc062723c751e8b465ee728b) (PreviewImporter) -> (artifact id: 'fa2fdfc6663b76b38142bd5b43255754') in 0.0019882 seconds
Number of updated asset objects reloaded before import = 0Number of asset objects unloaded after import = 0

========================================================================
Received Prepare
Begin MonoManager ReloadAssembly
[Licensing::Client] Successfully resolved entitlement details
Symbol file LoadedFromMemory is not a mono symbol file
Symbol file LoadedFromMemory is not a mono symbol file
- Loaded All Assemblies, in  1.268 seconds
Refreshing native plugins compatible for Editor in 3.33 ms, found 5 plugins.
Native extension for WindowsStandalone target not found
[Package Manager] Failed to launch server process. Reason: Unity was launched with the -noUpm command-line argument
[Package Manager] Unable to send message (not connected to server process).
[Package Manager] Cannot connect to Unity Package Manager local server
Refreshing native plugins compatible for Editor in 5.46 ms, found 5 plugins.
[Package Manager] Failed to launch server process. Reason: Unity was launched with the -noUpm command-line argument
[Package Manager] Unable to send message (not connected to server process).
[Package Manager] Cannot connect to Unity Package Manager local server
[Licensing::Client] Error: Code 404 while processing request (status: Found 0 entitlement groups and 0 free entitlements matching requested entitlement ids)
ScheduleIndexationOnStartup MainProcess:False IndexOnStartup:True
Mono: successfully reloaded assembly
- Finished resetting the current domain, in  2.560 seconds
Domain Reload Profiling: 3825ms
	BeginReloadAssembly (327ms)
		ExecutionOrderSort (0ms)
		DisableScriptedObjects (8ms)
		BackupInstance (0ms)
		ReleaseScriptingObjects (0ms)
		CreateAndSetChildDomain (125ms)
	RebuildCommonClasses (40ms)
	RebuildNativeTypeToScriptingClass (14ms)
	initialDomainReloadingComplete (72ms)
	LoadAllAssembliesAndSetupDomain (812ms)
		LoadAssemblies (580ms)
		RebuildTransferFunctionScriptingTraits (0ms)
		AnalyzeDomain (346ms)
			TypeCache.Refresh (15ms)
				TypeCache.ScanAssembly (0ms)
			BuildScriptInfoCaches (313ms)
			ResolveRequiredComponents (9ms)
	FinalizeReload (2561ms)
		ReleaseScriptCaches (0ms)
		RebuildScriptCaches (0ms)
		SetupLoadedEditorAssemblies (2302ms)
			LogAssemblyErrors (0ms)
			InitializePlatformSupportModulesInManaged (2ms)
			SetLoadedEditorAssemblies (8ms)
			BeforeProcessingInitializeOnLoad (381ms)
			ProcessInitializeOnLoadAttributes (1280ms)
			ProcessInitializeOnLoadMethodAttributes (621ms)
			AfterProcessingInitializeOnLoad (9ms)
			EditorAssembliesLoaded (1ms)
		ExecutionOrderSort2 (0ms)
		AwakeInstancesAfterBackupRestoration (28ms)
Refreshing native plugins compatible for Editor in 4.47 ms, found 5 plugins.
Preloading 1 native plugins for Editor in 0.12 ms.
Unloading 59 Unused Serialized files (Serialized files now loaded: 0)
Unloading 10276 unused Assets / (21.3 MB). Loaded Objects now: 11130.
Memory consumption went from 222.5 MB to 201.2 MB.
Total: 59.523000 ms (FindLiveObjects: 2.621600 ms CreateObjectMapping: 3.835500 ms MarkObjects: 31.056500 ms  DeleteObjects: 22.005100 ms)

Prepare: number of updated asset objects reloaded= 0
========================================================================
Received Prepare
Refreshing native plugins compatible for Editor in 4.58 ms, found 5 plugins.
Preloading 1 native plugins for Editor in 0.10 ms.
Unloading 59 Unused Serialized files (Serialized files now loaded: 0)
Unloading 10256 unused Assets / (20.6 MB). Loaded Objects now: 11130.
Memory consumption went from 226.2 MB to 205.6 MB.
Total: 55.883700 ms (FindLiveObjects: 1.575200 ms CreateObjectMapping: 1.881900 ms MarkObjects: 22.910800 ms  DeleteObjects: 29.514000 ms)

Prepare: number of updated asset objects reloaded= 0
========================================================================
Received Prepare
Begin MonoManager ReloadAssembly
[Licensing::Client] Successfully resolved entitlement details
Symbol file LoadedFromMemory is not a mono symbol file
Symbol file LoadedFromMemory is not a mono symbol file
- Loaded All Assemblies, in  1.433 seconds
Refreshing native plugins compatible for Editor in 4.82 ms, found 5 plugins.
Native extension for WindowsStandalone target not found
[Package Manager] Failed to launch server process. Reason: Unity was launched with the -noUpm command-line argument
[Package Manager] Unable to send message (not connected to server process).
[Package Manager] Cannot connect to Unity Package Manager local server
Refreshing native plugins compatible for Editor in 5.79 ms, found 5 plugins.
[Package Manager] Failed to launch server process. Reason: Unity was launched with the -noUpm command-line argument
[Package Manager] Unable to send message (not connected to server process).
[Package Manager] Cannot connect to Unity Package Manager local server
[Licensing::Client] Error: Code 404 while processing request (status: Found 0 entitlement groups and 0 free entitlements matching requested entitlement ids)
ScheduleIndexationOnStartup MainProcess:False IndexOnStartup:True
Mono: successfully reloaded assembly
- Finished resetting the current domain, in  2.141 seconds
Domain Reload Profiling: 3573ms
	BeginReloadAssembly (348ms)
		ExecutionOrderSort (0ms)
		DisableScriptedObjects (12ms)
		BackupInstance (0ms)
		ReleaseScriptingObjects (0ms)
		CreateAndSetChildDomain (127ms)
	RebuildCommonClasses (37ms)
	RebuildNativeTypeToScriptingClass (13ms)
	initialDomainReloadingComplete (67ms)
	LoadAllAssembliesAndSetupDomain (967ms)
		LoadAssemblies (591ms)
		RebuildTransferFunctionScriptingTraits (0ms)
		AnalyzeDomain (485ms)
			TypeCache.Refresh (20ms)
				TypeCache.ScanAssembly (0ms)
			BuildScriptInfoCaches (443ms)
			ResolveRequiredComponents (12ms)
	FinalizeReload (2141ms)
		ReleaseScriptCaches (0ms)
		RebuildScriptCaches (0ms)
		SetupLoadedEditorAssemblies (1885ms)
			LogAssemblyErrors (0ms)
			InitializePlatformSupportModulesInManaged (2ms)
			SetLoadedEditorAssemblies (9ms)
			BeforeProcessingInitializeOnLoad (322ms)
			ProcessInitializeOnLoadAttributes (1054ms)
			ProcessInitializeOnLoadMethodAttributes (487ms)
			AfterProcessingInitializeOnLoad (10ms)
			EditorAssembliesLoaded (1ms)
		ExecutionOrderSort2 (0ms)
		AwakeInstancesAfterBackupRestoration (25ms)
Refreshing native plugins compatible for Editor in 3.58 ms, found 5 plugins.
Preloading 1 native plugins for Editor in 0.08 ms.
Unloading 59 Unused Serialized files (Serialized files now loaded: 0)
Unloading 10276 unused Assets / (20.3 MB). Loaded Objects now: 11133.
Memory consumption went from 229.8 MB to 209.5 MB.
Total: 28.725000 ms (FindLiveObjects: 1.148800 ms CreateObjectMapping: 0.820200 ms MarkObjects: 17.805100 ms  DeleteObjects: 8.948800 ms)

Prepare: number of updated asset objects reloaded= 0
========================================================================
Received Import Request.
  Time since last request: 882.549970 seconds.
  path: Assets/!_Project/Prefabs/SceneSwitcher.prefab
  artifactKey: Guid(bc4db1250a6b08d4495ab6bff97204c5) Importer(815301076,1909f56bfc062723c751e8b465ee728b)
Start importing Assets/!_Project/Prefabs/SceneSwitcher.prefab using Guid(bc4db1250a6b08d4495ab6bff97204c5) Importer(815301076,1909f56bfc062723c751e8b465ee728b) (PreviewImporter) -> (artifact id: '91619e9597bc2d1f226716b94bd96c1b') in 0.0511192 seconds
Number of updated asset objects reloaded before import = 0Number of asset objects unloaded after import = 5

========================================================================
Received Import Request.
  Time since last request: 10.719334 seconds.
  path: Assets/!_Project/Scenes/02_GameLevel.unity
  artifactKey: Guid(afc01bc668060a5419f8ee1d40ef0051) Importer(815301076,1909f56bfc062723c751e8b465ee728b)
Start importing Assets/!_Project/Scenes/02_GameLevel.unity using Guid(afc01bc668060a5419f8ee1d40ef0051) Importer(815301076,1909f56bfc062723c751e8b465ee728b) (PreviewImporter) -> (artifact id: 'd463f95d05c92c80fae83310daed7f98') in 0.0010225 seconds
Number of updated asset objects reloaded before import = 0Number of asset objects unloaded after import = 0

========================================================================
Received Import Request.
  Time since last request: 56.067536 seconds.
  path: Assets/!_Project/Scenes/03_FatalScene.unity
  artifactKey: Guid(c2ae40f1d8a4da742ab40bc7d7ac304d) Importer(815301076,1909f56bfc062723c751e8b465ee728b)
Start importing Assets/!_Project/Scenes/03_FatalScene.unity using Guid(c2ae40f1d8a4da742ab40bc7d7ac304d) Importer(815301076,1909f56bfc062723c751e8b465ee728b) (PreviewImporter) -> (artifact id: 'b5b2acf3d430ac67145ae3fc2cca9ae7') in 0.0015677 seconds
Number of updated asset objects reloaded before import = 0Number of asset objects unloaded after import = 0

========================================================================
Received Import Request.
  Time since last request: 12.404154 seconds.
  path: Assets/!_Project/Scenes/03_FatalScene.unity
  artifactKey: Guid(c2ae40f1d8a4da742ab40bc7d7ac304d) Importer(815301076,1909f56bfc062723c751e8b465ee728b)
Start importing Assets/!_Project/Scenes/03_FatalScene.unity using Guid(c2ae40f1d8a4da742ab40bc7d7ac304d) Importer(815301076,1909f56bfc062723c751e8b465ee728b) (PreviewImporter) -> (artifact id: 'a5d07183a6b360292c0998f3646873ea') in 0.001589 seconds
Number of updated asset objects reloaded before import = 0Number of asset objects unloaded after import = 0

========================================================================
Received Import Request.
  Time since last request: 0.430183 seconds.
  path: Assets/!_Project/Scenes/04_FinalScene.unity
  artifactKey: Guid(bd4529a97cd86844c98a220dd969b36b) Importer(815301076,1909f56bfc062723c751e8b465ee728b)
Start importing Assets/!_Project/Scenes/04_FinalScene.unity using Guid(bd4529a97cd86844c98a220dd969b36b) Importer(815301076,1909f56bfc062723c751e8b465ee728b) (PreviewImporter) -> (artifact id: 'c46f9782bb32665ff492d85ac5bf35c9') in 0.0015933 seconds
Number of updated asset objects reloaded before import = 0Number of asset objects unloaded after import = 0

========================================================================
Received Prepare
Begin MonoManager ReloadAssembly
[Licensing::Client] Successfully resolved entitlement details
Symbol file LoadedFromMemory is not a mono symbol file
Symbol file LoadedFromMemory is not a mono symbol file
- Loaded All Assemblies, in  1.156 seconds
Refreshing native plugins compatible for Editor in 3.42 ms, found 5 plugins.
Native extension for WindowsStandalone target not found
[Package Manager] Failed to launch server process. Reason: Unity was launched with the -noUpm command-line argument
[Package Manager] Unable to send message (not connected to server process).
[Package Manager] Cannot connect to Unity Package Manager local server
Refreshing native plugins compatible for Editor in 3.82 ms, found 5 plugins.
[Package Manager] Failed to launch server process. Reason: Unity was launched with the -noUpm command-line argument
[Package Manager] Unable to send message (not connected to server process).
[Package Manager] Cannot connect to Unity Package Manager local server
[Licensing::Client] Error: Code 404 while processing request (status: Found 0 entitlement groups and 0 free entitlements matching requested entitlement ids)
ScheduleIndexationOnStartup MainProcess:False IndexOnStartup:True
Mono: successfully reloaded assembly
- Finished resetting the current domain, in  1.751 seconds
Domain Reload Profiling: 2910ms
	BeginReloadAssembly (284ms)
		ExecutionOrderSort (0ms)
		DisableScriptedObjects (8ms)
		BackupInstance (0ms)
		ReleaseScriptingObjects (0ms)
		CreateAndSetChildDomain (100ms)
	RebuildCommonClasses (36ms)
	RebuildNativeTypeToScriptingClass (13ms)
	initialDomainReloadingComplete (59ms)
	LoadAllAssembliesAndSetupDomain (766ms)
		LoadAssemblies (537ms)
		RebuildTransferFunctionScriptingTraits (0ms)
		AnalyzeDomain (330ms)
			TypeCache.Refresh (13ms)
				TypeCache.ScanAssembly (0ms)
			BuildScriptInfoCaches (300ms)
			ResolveRequiredComponents (8ms)
	FinalizeReload (1752ms)
		ReleaseScriptCaches (0ms)
		RebuildScriptCaches (0ms)
		SetupLoadedEditorAssemblies (1547ms)
			LogAssemblyErrors (0ms)
			InitializePlatformSupportModulesInManaged (2ms)
			SetLoadedEditorAssemblies (6ms)
			BeforeProcessingInitializeOnLoad (243ms)
			ProcessInitializeOnLoadAttributes (789ms)
			ProcessInitializeOnLoadMethodAttributes (496ms)
			AfterProcessingInitializeOnLoad (9ms)
			EditorAssembliesLoaded (1ms)
		ExecutionOrderSort2 (0ms)
		AwakeInstancesAfterBackupRestoration (29ms)
Refreshing native plugins compatible for Editor in 4.64 ms, found 5 plugins.
Preloading 1 native plugins for Editor in 0.12 ms.
Unloading 59 Unused Serialized files (Serialized files now loaded: 0)
Unloading 10276 unused Assets / (20.5 MB). Loaded Objects now: 11137.
Memory consumption went from 222.7 MB to 202.1 MB.
Total: 55.414700 ms (FindLiveObjects: 2.904200 ms CreateObjectMapping: 2.840800 ms MarkObjects: 32.383700 ms  DeleteObjects: 17.281800 ms)

Prepare: number of updated asset objects reloaded= 0
========================================================================
Received Import Request.
  Time since last request: 24.875413 seconds.
  path: Assets/!_Project/Scenes/01_MainMenu.unity
  artifactKey: Guid(99c9720ab356a0642a771bea13969a05) Importer(815301076,1909f56bfc062723c751e8b465ee728b)
Start importing Assets/!_Project/Scenes/01_MainMenu.unity using Guid(99c9720ab356a0642a771bea13969a05) Importer(815301076,1909f56bfc062723c751e8b465ee728b) (PreviewImporter) -> (artifact id: '8e067e733f88af8639827d8af4ea73ef') in 0.0027378 seconds
Number of updated asset objects reloaded before import = 0Number of asset objects unloaded after import = 0

========================================================================
Received Import Request.
  Time since last request: 171.922316 seconds.
  path: Assets/!_Project/Scenes/02_GameLevel.unity
  artifactKey: Guid(afc01bc668060a5419f8ee1d40ef0051) Importer(815301076,1909f56bfc062723c751e8b465ee728b)
Start importing Assets/!_Project/Scenes/02_GameLevel.unity using Guid(afc01bc668060a5419f8ee1d40ef0051) Importer(815301076,1909f56bfc062723c751e8b465ee728b) (PreviewImporter) -> (artifact id: '1854d31314e658516dbb5f033a3829f0') in 0.0013397 seconds
Number of updated asset objects reloaded before import = 0Number of asset objects unloaded after import = 0

========================================================================
Received Import Request.
  Time since last request: 57.972811 seconds.
  path: Assets/!_Project/Scenes/04_FinalScene.unity
  artifactKey: Guid(bd4529a97cd86844c98a220dd969b36b) Importer(815301076,1909f56bfc062723c751e8b465ee728b)
Start importing Assets/!_Project/Scenes/04_FinalScene.unity using Guid(bd4529a97cd86844c98a220dd969b36b) Importer(815301076,1909f56bfc062723c751e8b465ee728b) (PreviewImporter) -> (artifact id: '9476be84bd91de681750584048886d00') in 0.0018266 seconds
Number of updated asset objects reloaded before import = 0Number of asset objects unloaded after import = 0

========================================================================
Received Prepare
Begin MonoManager ReloadAssembly
[Licensing::Client] Successfully resolved entitlement details
Symbol file LoadedFromMemory is not a mono symbol file
Symbol file LoadedFromMemory is not a mono symbol file
- Loaded All Assemblies, in  1.136 seconds
Refreshing native plugins compatible for Editor in 3.31 ms, found 5 plugins.
Native extension for WindowsStandalone target not found
[Package Manager] Failed to launch server process. Reason: Unity was launched with the -noUpm command-line argument
[Package Manager] Unable to send message (not connected to server process).
[Package Manager] Cannot connect to Unity Package Manager local server
Refreshing native plugins compatible for Editor in 4.49 ms, found 5 plugins.
[Package Manager] Failed to launch server process. Reason: Unity was launched with the -noUpm command-line argument
[Package Manager] Unable to send message (not connected to server process).
[Package Manager] Cannot connect to Unity Package Manager local server
[Licensing::Client] Error: Code 404 while processing request (status: Found 0 entitlement groups and 0 free entitlements matching requested entitlement ids)
ScheduleIndexationOnStartup MainProcess:False IndexOnStartup:True
Mono: successfully reloaded assembly
- Finished resetting the current domain, in  1.862 seconds
Domain Reload Profiling: 3001ms
	BeginReloadAssembly (277ms)
		ExecutionOrderSort (0ms)
		DisableScriptedObjects (7ms)
		BackupInstance (0ms)
		ReleaseScriptingObjects (0ms)
		CreateAndSetChildDomain (106ms)
	RebuildCommonClasses (36ms)
	RebuildNativeTypeToScriptingClass (13ms)
	initialDomainReloadingComplete (57ms)
	LoadAllAssembliesAndSetupDomain (754ms)
		LoadAssemblies (515ms)
		RebuildTransferFunctionScriptingTraits (0ms)
		AnalyzeDomain (335ms)
			TypeCache.Refresh (13ms)
				TypeCache.ScanAssembly (0ms)
			BuildScriptInfoCaches (305ms)
			ResolveRequiredComponents (8ms)
	FinalizeReload (1863ms)
		ReleaseScriptCaches (0ms)
		RebuildScriptCaches (0ms)
		SetupLoadedEditorAssemblies (1651ms)
			LogAssemblyErrors (0ms)
			InitializePlatformSupportModulesInManaged (2ms)
			SetLoadedEditorAssemblies (6ms)
			BeforeProcessingInitializeOnLoad (240ms)
			ProcessInitializeOnLoadAttributes (822ms)
			ProcessInitializeOnLoadMethodAttributes (570ms)
			AfterProcessingInitializeOnLoad (10ms)
			EditorAssembliesLoaded (1ms)
		ExecutionOrderSort2 (0ms)
		AwakeInstancesAfterBackupRestoration (27ms)
Refreshing native plugins compatible for Editor in 5.72 ms, found 5 plugins.
Preloading 1 native plugins for Editor in 0.14 ms.
Unloading 59 Unused Serialized files (Serialized files now loaded: 0)
Unloading 10276 unused Assets / (20.6 MB). Loaded Objects now: 11140.
Memory consumption went from 222.8 MB to 202.1 MB.
Total: 56.765500 ms (FindLiveObjects: 3.244400 ms CreateObjectMapping: 3.470800 ms MarkObjects: 31.326000 ms  DeleteObjects: 18.720700 ms)

Prepare: number of updated asset objects reloaded= 0
========================================================================
Received Prepare
Begin MonoManager ReloadAssembly
Symbol file LoadedFromMemory is not a mono symbol file
Symbol file LoadedFromMemory is not a mono symbol file
- Loaded All Assemblies, in  1.143 seconds
Refreshing native plugins compatible for Editor in 3.44 ms, found 5 plugins.
Native extension for WindowsStandalone target not found
[Package Manager] Failed to launch server process. Reason: Unity was launched with the -noUpm command-line argument
[Package Manager] Unable to send message (not connected to server process).
[Package Manager] Cannot connect to Unity Package Manager local server
Refreshing native plugins compatible for Editor in 6.58 ms, found 5 plugins.
[Package Manager] Failed to launch server process. Reason: Unity was launched with the -noUpm command-line argument
[Package Manager] Unable to send message (not connected to server process).
[Package Manager] Cannot connect to Unity Package Manager local server
[Licensing::Client] Error: Code 404 while processing request (status: Found 0 entitlement groups and 0 free entitlements matching requested entitlement ids)
ScheduleIndexationOnStartup MainProcess:False IndexOnStartup:True
Mono: successfully reloaded assembly
- Finished resetting the current domain, in  1.987 seconds
Domain Reload Profiling: 3133ms
	BeginReloadAssembly (274ms)
		ExecutionOrderSort (0ms)
		DisableScriptedObjects (7ms)
		BackupInstance (0ms)
		ReleaseScriptingObjects (0ms)
		CreateAndSetChildDomain (105ms)
	RebuildCommonClasses (36ms)
	RebuildNativeTypeToScriptingClass (13ms)
	initialDomainReloadingComplete (58ms)
	LoadAllAssembliesAndSetupDomain (764ms)
		LoadAssemblies (524ms)
		RebuildTransferFunctionScriptingTraits (0ms)
		AnalyzeDomain (337ms)
			TypeCache.Refresh (18ms)
				TypeCache.ScanAssembly (0ms)
			BuildScriptInfoCaches (303ms)
			ResolveRequiredComponents (8ms)
	FinalizeReload (1988ms)
		ReleaseScriptCaches (0ms)
		RebuildScriptCaches (0ms)
		SetupLoadedEditorAssemblies (1802ms)
			LogAssemblyErrors (0ms)
			InitializePlatformSupportModulesInManaged (2ms)
			SetLoadedEditorAssemblies (7ms)
			BeforeProcessingInitializeOnLoad (243ms)
			ProcessInitializeOnLoadAttributes (1163ms)
			ProcessInitializeOnLoadMethodAttributes (379ms)
			AfterProcessingInitializeOnLoad (7ms)
			EditorAssembliesLoaded (1ms)
		ExecutionOrderSort2 (0ms)
		AwakeInstancesAfterBackupRestoration (16ms)
Refreshing native plugins compatible for Editor in 4.35 ms, found 5 plugins.
Preloading 1 native plugins for Editor in 0.08 ms.
Unloading 59 Unused Serialized files (Serialized files now loaded: 0)
Unloading 10276 unused Assets / (20.8 MB). Loaded Objects now: 11143.
Memory consumption went from 226.4 MB to 205.6 MB.
Total: 50.857100 ms (FindLiveObjects: 2.624800 ms CreateObjectMapping: 2.111800 ms MarkObjects: 27.748500 ms  DeleteObjects: 18.369400 ms)

Prepare: number of updated asset objects reloaded= 0
========================================================================
Received Import Request.
  Time since last request: 1896.707987 seconds.
  path: Assets/!_Project/Scenes/02_GameLevel.unity
  artifactKey: Guid(afc01bc668060a5419f8ee1d40ef0051) Importer(815301076,1909f56bfc062723c751e8b465ee728b)
Start importing Assets/!_Project/Scenes/02_GameLevel.unity using Guid(afc01bc668060a5419f8ee1d40ef0051) Importer(815301076,1909f56bfc062723c751e8b465ee728b) (PreviewImporter) -> (artifact id: '2c2259c1f80139ccdc7365fd14c23333') in 0.0026474 seconds
Number of updated asset objects reloaded before import = 0Number of asset objects unloaded after import = 0

========================================================================
Received Import Request.
  Time since last request: 145.278549 seconds.
  path: Assets/!_Project/Scripts/SceneSwitcher.cs
  artifactKey: Guid(1ba072cf5ca68114e8a7f593e05c80e2) Importer(2089858483,b0f066a214c2f5e87bad3c948f4d605d)
Start importing Assets/!_Project/Scripts/SceneSwitcher.cs using Guid(1ba072cf5ca68114e8a7f593e05c80e2) Importer(2089858483,b0f066a214c2f5e87bad3c948f4d605d) (ScriptedImporter) -> (artifact id: 'b93335e9190ef300877b0db4b08d9aa4') in 0.1752383 seconds
Number of updated asset objects reloaded before import = 0Number of asset objects unloaded after import = 0

========================================================================
Received Import Request.
  Time since last request: 0.000066 seconds.
  path: Assets/!_Project/Scenes/04_FinalScene.unity
  artifactKey: Guid(bd4529a97cd86844c98a220dd969b36b) Importer(2089858483,b0f066a214c2f5e87bad3c948f4d605d)
Start importing Assets/!_Project/Scenes/04_FinalScene.unity using Guid(bd4529a97cd86844c98a220dd969b36b) Importer(2089858483,b0f066a214c2f5e87bad3c948f4d605d) (ScriptedImporter) -> (artifact id: '97a6eb3129c8a3d8fafaf3afecb5fa95') in 0.0276056 seconds
Number of updated asset objects reloaded before import = 0Number of asset objects unloaded after import = 1

========================================================================
Received Import Request.
  Time since last request: 0.000045 seconds.
  path: Assets/!_Project/Scenes/02_GameLevel.unity
  artifactKey: Guid(afc01bc668060a5419f8ee1d40ef0051) Importer(2089858483,b0f066a214c2f5e87bad3c948f4d605d)
Start importing Assets/!_Project/Scenes/02_GameLevel.unity using Guid(afc01bc668060a5419f8ee1d40ef0051) Importer(2089858483,b0f066a214c2f5e87bad3c948f4d605d) (ScriptedImporter) -> (artifact id: 'eca4ae6affeef829293908f97af6b741') in 0.0185135 seconds
Number of updated asset objects reloaded before import = 0Number of asset objects unloaded after import = 1

========================================================================
Received Import Request.
  Time since last request: 17.121855 seconds.
  path: Assets/!_Project/Materials/Platform.mat
  artifactKey: Guid(ebb4a65a013ffe14e8023df3d5a78a6e) Importer(2089858483,b0f066a214c2f5e87bad3c948f4d605d)
Start importing Assets/!_Project/Materials/Platform.mat using Guid(ebb4a65a013ffe14e8023df3d5a78a6e) Importer(2089858483,b0f066a214c2f5e87bad3c948f4d605d) (ScriptedImporter) -> (artifact id: '7179950876367eadfa60f2914c7d403f') in 0.0598055 seconds
Number of updated asset objects reloaded before import = 0Number of asset objects unloaded after import = 1

========================================================================
Received Import Request.
  Time since last request: 657.315181 seconds.
  path: Assets/!_Project/Materials/Ball.mat
  artifactKey: Guid(887e84d8b7538804d8033e79743a9a60) Importer(2089858483,b0f066a214c2f5e87bad3c948f4d605d)
Start importing Assets/!_Project/Materials/Ball.mat using Guid(887e84d8b7538804d8033e79743a9a60) Importer(2089858483,b0f066a214c2f5e87bad3c948f4d605d) (ScriptedImporter) -> (artifact id: 'af75f8d52ca9b2f7fa0b42f562d6e54f') in 0.0174709 seconds
Number of updated asset objects reloaded before import = 0Number of asset objects unloaded after import = 1

========================================================================
Received Prepare
Refreshing native plugins compatible for Editor in 4.19 ms, found 5 plugins.
Preloading 1 native plugins for Editor in 0.18 ms.
Unloading 59 Unused Serialized files (Serialized files now loaded: 0)
Unloading 10258 unused Assets / (19.1 MB). Loaded Objects now: 11144.
Memory consumption went from 222.9 MB to 203.9 MB.
Total: 300.026600 ms (FindLiveObjects: 6.589400 ms CreateObjectMapping: 2.039600 ms MarkObjects: 282.793900 ms  DeleteObjects: 8.602000 ms)

Prepare: number of updated asset objects reloaded= 0
========================================================================
Received Import Request.
  Time since last request: 6629.365221 seconds.
  path: Assets/!_Project/Scripts/GroundCheck.cs
  artifactKey: Guid(17235ce5296d02e43a61c3449f4ac2e4) Importer(2089858483,b0f066a214c2f5e87bad3c948f4d605d)
Start importing Assets/!_Project/Scripts/GroundCheck.cs using Guid(17235ce5296d02e43a61c3449f4ac2e4) Importer(2089858483,b0f066a214c2f5e87bad3c948f4d605d) (ScriptedImporter) -> (artifact id: '693e2507e3ccfac17ff9592ba68d278b') in 0.0375639 seconds
Number of updated asset objects reloaded before import = 0Number of asset objects unloaded after import = 0

========================================================================
Received Prepare
Begin MonoManager ReloadAssembly
[Licensing::Client] Successfully resolved entitlement details
Symbol file LoadedFromMemory is not a mono symbol file
Symbol file LoadedFromMemory is not a mono symbol file
- Loaded All Assemblies, in  4.046 seconds
Refreshing native plugins compatible for Editor in 7.17 ms, found 5 plugins.
Native extension for WindowsStandalone target not found
[Package Manager] Failed to launch server process. Reason: Unity was launched with the -noUpm command-line argument
[Package Manager] Unable to send message (not connected to server process).
[Package Manager] Cannot connect to Unity Package Manager local server
Refreshing native plugins compatible for Editor in 6.98 ms, found 5 plugins.
[Package Manager] Failed to launch server process. Reason: Unity was launched with the -noUpm command-line argument
[Package Manager] Unable to send message (not connected to server process).
[Package Manager] Cannot connect to Unity Package Manager local server
[Licensing::Client] Error: Code 404 while processing request (status: Found 0 entitlement groups and 0 free entitlements matching requested entitlement ids)
ScheduleIndexationOnStartup MainProcess:False IndexOnStartup:True
Mono: successfully reloaded assembly
- Finished resetting the current domain, in  3.380 seconds
Domain Reload Profiling: 7428ms
	BeginReloadAssembly (1083ms)
		ExecutionOrderSort (0ms)
		DisableScriptedObjects (43ms)
		BackupInstance (0ms)
		ReleaseScriptingObjects (1ms)
		CreateAndSetChildDomain (552ms)
	RebuildCommonClasses (56ms)
	RebuildNativeTypeToScriptingClass (18ms)
	initialDomainReloadingComplete (102ms)
	LoadAllAssembliesAndSetupDomain (2789ms)
		LoadAssemblies (2505ms)
		RebuildTransferFunctionScriptingTraits (0ms)
		AnalyzeDomain (549ms)
			TypeCache.Refresh (29ms)
				TypeCache.ScanAssembly (0ms)
			BuildScriptInfoCaches (478ms)
			ResolveRequiredComponents (23ms)
	FinalizeReload (3381ms)
		ReleaseScriptCaches (0ms)
		RebuildScriptCaches (0ms)
		SetupLoadedEditorAssemblies (3010ms)
			LogAssemblyErrors (0ms)
			InitializePlatformSupportModulesInManaged (4ms)
			SetLoadedEditorAssemblies (18ms)
			BeforeProcessingInitializeOnLoad (506ms)
			ProcessInitializeOnLoadAttributes (1629ms)
			ProcessInitializeOnLoadMethodAttributes (831ms)
			AfterProcessingInitializeOnLoad (16ms)
			EditorAssembliesLoaded (6ms)
		ExecutionOrderSort2 (0ms)
		AwakeInstancesAfterBackupRestoration (37ms)
Refreshing native plugins compatible for Editor in 6.04 ms, found 5 plugins.
Preloading 1 native plugins for Editor in 0.15 ms.
Unloading 59 Unused Serialized files (Serialized files now loaded: 0)
Unloading 10277 unused Assets / (21.3 MB). Loaded Objects now: 11147.
Memory consumption went from 222.9 MB to 201.6 MB.
Total: 55.909500 ms (FindLiveObjects: 1.836800 ms CreateObjectMapping: 2.495100 ms MarkObjects: 36.908100 ms  DeleteObjects: 14.664800 ms)

Prepare: number of updated asset objects reloaded= 0
========================================================================
Received Prepare
Refreshing native plugins compatible for Editor in 8.77 ms, found 5 plugins.
Preloading 1 native plugins for Editor in 0.20 ms.
Unloading 59 Unused Serialized files (Serialized files now loaded: 0)
Unloading 10258 unused Assets / (20.8 MB). Loaded Objects now: 11148.
Memory consumption went from 226.5 MB to 205.7 MB.
Total: 49.094700 ms (FindLiveObjects: 1.595800 ms CreateObjectMapping: 2.786400 ms MarkObjects: 29.552600 ms  DeleteObjects: 15.158000 ms)

Prepare: number of updated asset objects reloaded= 0
========================================================================
Received Import Request.
  Time since last request: 352.202604 seconds.
  path: Assets/!_Project/Scripts/NewMonoBehaviourScript.cs
  artifactKey: Guid(f130ea27325d8d942abe5d2449f076fd) Importer(2089858483,b0f066a214c2f5e87bad3c948f4d605d)
Start importing Assets/!_Project/Scripts/NewMonoBehaviourScript.cs using Guid(f130ea27325d8d942abe5d2449f076fd) Importer(2089858483,b0f066a214c2f5e87bad3c948f4d605d) (ScriptedImporter) -> (artifact id: '0311d531b0d6dacb83b819aa21e6f5ea') in 0.1886926 seconds
Number of updated asset objects reloaded before import = 0Number of asset objects unloaded after import = 0

========================================================================
Received Prepare
Refreshing native plugins compatible for Editor in 9.79 ms, found 5 plugins.
Preloading 1 native plugins for Editor in 0.26 ms.
Unloading 59 Unused Serialized files (Serialized files now loaded: 0)
Unloading 10258 unused Assets / (21.0 MB). Loaded Objects now: 11148.
Memory consumption went from 223.0 MB to 201.9 MB.
Total: 67.485500 ms (FindLiveObjects: 2.726600 ms CreateObjectMapping: 3.563800 ms MarkObjects: 42.760200 ms  DeleteObjects: 18.432400 ms)

Prepare: number of updated asset objects reloaded= 0
========================================================================
Received Import Request.
  Time since last request: 1.267200 seconds.
  path: Assets/!_Project/Scripts/NewMonoBehaviourScript.cs
  artifactKey: Guid(f130ea27325d8d942abe5d2449f076fd) Importer(815301076,1909f56bfc062723c751e8b465ee728b)
Start importing Assets/!_Project/Scripts/NewMonoBehaviourScript.cs using Guid(f130ea27325d8d942abe5d2449f076fd) Importer(815301076,1909f56bfc062723c751e8b465ee728b) (PreviewImporter) -> (artifact id: '152551bbe99b0cc76ea5090bee4034a2') in 0.002423 seconds
Number of updated asset objects reloaded before import = 0Number of asset objects unloaded after import = 0

========================================================================
Received Prepare
Begin MonoManager ReloadAssembly
[Licensing::Client] Successfully resolved entitlement details
Symbol file LoadedFromMemory is not a mono symbol file
Symbol file LoadedFromMemory is not a mono symbol file
- Loaded All Assemblies, in  1.887 seconds
Refreshing native plugins compatible for Editor in 8.66 ms, found 5 plugins.
Native extension for WindowsStandalone target not found
[Package Manager] Failed to launch server process. Reason: Unity was launched with the -noUpm command-line argument
[Package Manager] Unable to send message (not connected to server process).
[Package Manager] Cannot connect to Unity Package Manager local server
Refreshing native plugins compatible for Editor in 4.70 ms, found 5 plugins.
[Package Manager] Failed to launch server process. Reason: Unity was launched with the -noUpm command-line argument
[Package Manager] Unable to send message (not connected to server process).
[Package Manager] Cannot connect to Unity Package Manager local server
[Licensing::Client] Error: Code 404 while processing request (status: Found 0 entitlement groups and 0 free entitlements matching requested entitlement ids)
ScheduleIndexationOnStartup MainProcess:False IndexOnStartup:True
Mono: successfully reloaded assembly
- Finished resetting the current domain, in  2.776 seconds
Domain Reload Profiling: 4669ms
	BeginReloadAssembly (399ms)
		ExecutionOrderSort (0ms)
		DisableScriptedObjects (12ms)
		BackupInstance (0ms)
		ReleaseScriptingObjects (0ms)
		CreateAndSetChildDomain (141ms)
	RebuildCommonClasses (42ms)
	RebuildNativeTypeToScriptingClass (16ms)
	initialDomainReloadingComplete (96ms)
	LoadAllAssembliesAndSetupDomain (1339ms)
		LoadAssemblies (849ms)
		RebuildTransferFunctionScriptingTraits (0ms)
		AnalyzeDomain (625ms)
			TypeCache.Refresh (24ms)
				TypeCache.ScanAssembly (0ms)
			BuildScriptInfoCaches (574ms)
			ResolveRequiredComponents (13ms)
	FinalizeReload (2776ms)
		ReleaseScriptCaches (0ms)
		RebuildScriptCaches (0ms)
		SetupLoadedEditorAssemblies (2381ms)
			LogAssemblyErrors (0ms)
			InitializePlatformSupportModulesInManaged (2ms)
			SetLoadedEditorAssemblies (9ms)
			BeforeProcessingInitializeOnLoad (469ms)
			ProcessInitializeOnLoadAttributes (1330ms)
			ProcessInitializeOnLoadMethodAttributes (559ms)
			AfterProcessingInitializeOnLoad (10ms)
			EditorAssembliesLoaded (1ms)
		ExecutionOrderSort2 (0ms)
		AwakeInstancesAfterBackupRestoration (24ms)
Refreshing native plugins compatible for Editor in 6.85 ms, found 5 plugins.
Preloading 1 native plugins for Editor in 0.18 ms.
Unloading 59 Unused Serialized files (Serialized files now loaded: 0)
Unloading 10278 unused Assets / (24.4 MB). Loaded Objects now: 11151.
Memory consumption went from 222.9 MB to 198.6 MB.
Total: 59.989000 ms (FindLiveObjects: 1.991700 ms CreateObjectMapping: 2.294700 ms MarkObjects: 33.220200 ms  DeleteObjects: 22.479500 ms)

Prepare: number of updated asset objects reloaded= 0
========================================================================
Received Prepare
Refreshing native plugins compatible for Editor in 9.05 ms, found 5 plugins.
Preloading 1 native plugins for Editor in 0.17 ms.
Unloading 59 Unused Serialized files (Serialized files now loaded: 0)
Unloading 10258 unused Assets / (21.6 MB). Loaded Objects now: 11151.
Memory consumption went from 226.6 MB to 205.0 MB.
Total: 59.055700 ms (FindLiveObjects: 3.245000 ms CreateObjectMapping: 3.166800 ms MarkObjects: 40.017000 ms  DeleteObjects: 12.624400 ms)

Prepare: number of updated asset objects reloaded= 0
========================================================================
Received Import Request.
  Time since last request: 25.405475 seconds.
  path: Assets/!_Project/Scripts/ObjectMovement.cs
  artifactKey: Guid(f130ea27325d8d942abe5d2449f076fd) Importer(815301076,1909f56bfc062723c751e8b465ee728b)
Start importing Assets/!_Project/Scripts/ObjectMovement.cs using Guid(f130ea27325d8d942abe5d2449f076fd) Importer(815301076,1909f56bfc062723c751e8b465ee728b) (PreviewImporter) -> (artifact id: '65893c9a3d256da78f0cc92e3c36c706') in 0.0078981 seconds
Number of updated asset objects reloaded before import = 0Number of asset objects unloaded after import = 0

========================================================================
Received Import Request.
  Time since last request: 0.519633 seconds.
  path: Assets/!_Project/Scripts/ObjectMovement.cs
  artifactKey: Guid(f130ea27325d8d942abe5d2449f076fd) Importer(2089858483,b0f066a214c2f5e87bad3c948f4d605d)
Start importing Assets/!_Project/Scripts/ObjectMovement.cs using Guid(f130ea27325d8d942abe5d2449f076fd) Importer(2089858483,b0f066a214c2f5e87bad3c948f4d605d) (ScriptedImporter) -> (artifact id: '6bc9a1aa6ad76ebcd845ec0519d258c6') in 0.1694616 seconds
Number of updated asset objects reloaded before import = 0Number of asset objects unloaded after import = 0

========================================================================
Received Prepare
Begin MonoManager ReloadAssembly
Symbol file LoadedFromMemory is not a mono symbol file
Symbol file LoadedFromMemory is not a mono symbol file
- Loaded All Assemblies, in  1.743 seconds
Refreshing native plugins compatible for Editor in 4.89 ms, found 5 plugins.
Native extension for WindowsStandalone target not found
[Package Manager] Failed to launch server process. Reason: Unity was launched with the -noUpm command-line argument
[Package Manager] Unable to send message (not connected to server process).
[Package Manager] Cannot connect to Unity Package Manager local server
Refreshing native plugins compatible for Editor in 6.21 ms, found 5 plugins.
[Package Manager] Failed to launch server process. Reason: Unity was launched with the -noUpm command-line argument
[Package Manager] Unable to send message (not connected to server process).
[Package Manager] Cannot connect to Unity Package Manager local server
[Licensing::Client] Error: Code 404 while processing request (status: Found 0 entitlement groups and 0 free entitlements matching requested entitlement ids)
ScheduleIndexationOnStartup MainProcess:False IndexOnStartup:True
Mono: successfully reloaded assembly
- Finished resetting the current domain, in  3.092 seconds
Domain Reload Profiling: 4837ms
	BeginReloadAssembly (401ms)
		ExecutionOrderSort (0ms)
		DisableScriptedObjects (10ms)
		BackupInstance (0ms)
		ReleaseScriptingObjects (0ms)
		CreateAndSetChildDomain (137ms)
	RebuildCommonClasses (70ms)
	RebuildNativeTypeToScriptingClass (21ms)
	initialDomainReloadingComplete (76ms)
	LoadAllAssembliesAndSetupDomain (1175ms)
		LoadAssemblies (779ms)
		RebuildTransferFunctionScriptingTraits (0ms)
		AnalyzeDomain (559ms)
			TypeCache.Refresh (21ms)
				TypeCache.ScanAssembly (0ms)
			BuildScriptInfoCaches (513ms)
			ResolveRequiredComponents (13ms)
	FinalizeReload (3093ms)
		ReleaseScriptCaches (0ms)
		RebuildScriptCaches (0ms)
		SetupLoadedEditorAssemblies (2762ms)
			LogAssemblyErrors (0ms)
			InitializePlatformSupportModulesInManaged (4ms)
			SetLoadedEditorAssemblies (17ms)
			BeforeProcessingInitializeOnLoad (454ms)
			ProcessInitializeOnLoadAttributes (1531ms)
			ProcessInitializeOnLoadMethodAttributes (741ms)
			AfterProcessingInitializeOnLoad (14ms)
			EditorAssembliesLoaded (1ms)
		ExecutionOrderSort2 (0ms)
		AwakeInstancesAfterBackupRestoration (34ms)
Refreshing native plugins compatible for Editor in 7.11 ms, found 5 plugins.
Preloading 1 native plugins for Editor in 0.19 ms.
Unloading 59 Unused Serialized files (Serialized files now loaded: 0)
Unloading 10278 unused Assets / (20.8 MB). Loaded Objects now: 11154.
Memory consumption went from 222.9 MB to 202.1 MB.
Total: 50.991700 ms (FindLiveObjects: 2.655900 ms CreateObjectMapping: 2.142500 ms MarkObjects: 29.234400 ms  DeleteObjects: 16.955000 ms)

Prepare: number of updated asset objects reloaded= 0
========================================================================
Received Prepare
Refreshing native plugins compatible for Editor in 8.88 ms, found 5 plugins.
Preloading 1 native plugins for Editor in 0.23 ms.
Unloading 59 Unused Serialized files (Serialized files now loaded: 0)
Unloading 10257 unused Assets / (19.6 MB). Loaded Objects now: 11153.
Memory consumption went from 226.5 MB to 206.9 MB.
Total: 54.576700 ms (FindLiveObjects: 3.532000 ms CreateObjectMapping: 2.355400 ms MarkObjects: 37.275200 ms  DeleteObjects: 11.410200 ms)

Prepare: number of updated asset objects reloaded= 0
========================================================================
Received Prepare
Begin MonoManager ReloadAssembly
[Licensing::Client] Successfully resolved entitlement details
Symbol file LoadedFromMemory is not a mono symbol file
Symbol file LoadedFromMemory is not a mono symbol file
- Loaded All Assemblies, in  1.717 seconds
Refreshing native plugins compatible for Editor in 5.78 ms, found 5 plugins.
Native extension for WindowsStandalone target not found
[Package Manager] Failed to launch server process. Reason: Unity was launched with the -noUpm command-line argument
[Package Manager] Unable to send message (not connected to server process).
[Package Manager] Cannot connect to Unity Package Manager local server
Refreshing native plugins compatible for Editor in 6.59 ms, found 5 plugins.
[Package Manager] Failed to launch server process. Reason: Unity was launched with the -noUpm command-line argument
[Package Manager] Unable to send message (not connected to server process).
[Package Manager] Cannot connect to Unity Package Manager local server
[Licensing::Client] Error: Code 404 while processing request (status: Found 0 entitlement groups and 0 free entitlements matching requested entitlement ids)
ScheduleIndexationOnStartup MainProcess:False IndexOnStartup:True
Mono: successfully reloaded assembly
- Finished resetting the current domain, in  2.464 seconds
Domain Reload Profiling: 4180ms
	BeginReloadAssembly (422ms)
		ExecutionOrderSort (0ms)
		DisableScriptedObjects (13ms)
		BackupInstance (0ms)
		ReleaseScriptingObjects (0ms)
		CreateAndSetChildDomain (144ms)
	RebuildCommonClasses (57ms)
	RebuildNativeTypeToScriptingClass (28ms)
	initialDomainReloadingComplete (92ms)
	LoadAllAssembliesAndSetupDomain (1116ms)
		LoadAssemblies (815ms)
		RebuildTransferFunctionScriptingTraits (0ms)
		AnalyzeDomain (465ms)
			TypeCache.Refresh (20ms)
				TypeCache.ScanAssembly (0ms)
			BuildScriptInfoCaches (422ms)
			ResolveRequiredComponents (14ms)
	FinalizeReload (2465ms)
		ReleaseScriptCaches (0ms)
		RebuildScriptCaches (0ms)
		SetupLoadedEditorAssemblies (2156ms)
			LogAssemblyErrors (0ms)
			InitializePlatformSupportModulesInManaged (4ms)
			SetLoadedEditorAssemblies (16ms)
			BeforeProcessingInitializeOnLoad (305ms)
			ProcessInitializeOnLoadAttributes (1211ms)
			ProcessInitializeOnLoadMethodAttributes (610ms)
			AfterProcessingInitializeOnLoad (9ms)
			EditorAssembliesLoaded (1ms)
		ExecutionOrderSort2 (0ms)
		AwakeInstancesAfterBackupRestoration (23ms)
Refreshing native plugins compatible for Editor in 4.40 ms, found 5 plugins.
Preloading 1 native plugins for Editor in 0.10 ms.
Unloading 59 Unused Serialized files (Serialized files now loaded: 0)
Unloading 10277 unused Assets / (19.9 MB). Loaded Objects now: 11156.
Memory consumption went from 230.2 MB to 210.2 MB.
Total: 51.700500 ms (FindLiveObjects: 2.292500 ms CreateObjectMapping: 3.109300 ms MarkObjects: 34.684800 ms  DeleteObjects: 11.611000 ms)

Prepare: number of updated asset objects reloaded= 0
========================================================================
Received Prepare
Refreshing native plugins compatible for Editor in 5.07 ms, found 5 plugins.
Preloading 1 native plugins for Editor in 0.14 ms.
Unloading 59 Unused Serialized files (Serialized files now loaded: 0)
Unloading 10258 unused Assets / (21.6 MB). Loaded Objects now: 11157.
Memory consumption went from 233.8 MB to 212.2 MB.
Total: 53.584500 ms (FindLiveObjects: 2.285300 ms CreateObjectMapping: 3.063100 ms MarkObjects: 32.058400 ms  DeleteObjects: 16.175900 ms)

Prepare: number of updated asset objects reloaded= 0
========================================================================
Received Import Request.
  Time since last request: 70.227006 seconds.
  path: Assets/!_Project/Scripts/ObjectMovement.cs
  artifactKey: Guid(f130ea27325d8d942abe5d2449f076fd) Importer(815301076,1909f56bfc062723c751e8b465ee728b)
Start importing Assets/!_Project/Scripts/ObjectMovement.cs using Guid(f130ea27325d8d942abe5d2449f076fd) Importer(815301076,1909f56bfc062723c751e8b465ee728b) (PreviewImporter) -> (artifact id: 'c3db72bf43385fffea6d159b00f76ce6') in 0.003074 seconds
Number of updated asset objects reloaded before import = 0Number of asset objects unloaded after import = 0

========================================================================
Received Prepare
Begin MonoManager ReloadAssembly
Symbol file LoadedFromMemory is not a mono symbol file
Symbol file LoadedFromMemory is not a mono symbol file
- Loaded All Assemblies, in  1.788 seconds
Refreshing native plugins compatible for Editor in 6.09 ms, found 5 plugins.
Native extension for WindowsStandalone target not found
[Package Manager] Failed to launch server process. Reason: Unity was launched with the -noUpm command-line argument
[Package Manager] Unable to send message (not connected to server process).
[Package Manager] Cannot connect to Unity Package Manager local server
Refreshing native plugins compatible for Editor in 6.88 ms, found 5 plugins.
[Package Manager] Failed to launch server process. Reason: Unity was launched with the -noUpm command-line argument
[Package Manager] Unable to send message (not connected to server process).
[Package Manager] Cannot connect to Unity Package Manager local server
[Licensing::Client] Error: Code 404 while processing request (status: Found 0 entitlement groups and 0 free entitlements matching requested entitlement ids)
ScheduleIndexationOnStartup MainProcess:False IndexOnStartup:True
Mono: successfully reloaded assembly
- Finished resetting the current domain, in  3.034 seconds
Domain Reload Profiling: 4826ms
	BeginReloadAssembly (417ms)
		ExecutionOrderSort (0ms)
		DisableScriptedObjects (8ms)
		BackupInstance (0ms)
		ReleaseScriptingObjects (0ms)
		CreateAndSetChildDomain (162ms)
	RebuildCommonClasses (70ms)
	RebuildNativeTypeToScriptingClass (19ms)
	initialDomainReloadingComplete (77ms)
	LoadAllAssembliesAndSetupDomain (1209ms)
		LoadAssemblies (812ms)
		RebuildTransferFunctionScriptingTraits (0ms)
		AnalyzeDomain (546ms)
			TypeCache.Refresh (25ms)
				TypeCache.ScanAssembly (0ms)
			BuildScriptInfoCaches (493ms)
			ResolveRequiredComponents (15ms)
	FinalizeReload (3034ms)
		ReleaseScriptCaches (0ms)
		RebuildScriptCaches (0ms)
		SetupLoadedEditorAssemblies (2668ms)
			LogAssemblyErrors (0ms)
			InitializePlatformSupportModulesInManaged (4ms)
			SetLoadedEditorAssemblies (12ms)
			BeforeProcessingInitializeOnLoad (478ms)
			ProcessInitializeOnLoadAttributes (1475ms)
			ProcessInitializeOnLoadMethodAttributes (687ms)
			AfterProcessingInitializeOnLoad (11ms)
			EditorAssembliesLoaded (1ms)
		ExecutionOrderSort2 (0ms)
		AwakeInstancesAfterBackupRestoration (31ms)
Refreshing native plugins compatible for Editor in 7.51 ms, found 5 plugins.
Preloading 1 native plugins for Editor in 0.12 ms.
Unloading 59 Unused Serialized files (Serialized files now loaded: 0)
Unloading 10278 unused Assets / (21.6 MB). Loaded Objects now: 11160.
Memory consumption went from 223.1 MB to 201.5 MB.
Total: 61.497200 ms (FindLiveObjects: 3.984800 ms CreateObjectMapping: 3.404200 ms MarkObjects: 32.215100 ms  DeleteObjects: 21.889900 ms)

Prepare: number of updated asset objects reloaded= 0
========================================================================
Received Import Request.
  Time since last request: 21.237240 seconds.
  path: Assets/!_Project/Scripts/ObjectMovement.cs
  artifactKey: Guid(f130ea27325d8d942abe5d2449f076fd) Importer(815301076,1909f56bfc062723c751e8b465ee728b)
Start importing Assets/!_Project/Scripts/ObjectMovement.cs using Guid(f130ea27325d8d942abe5d2449f076fd) Importer(815301076,1909f56bfc062723c751e8b465ee728b) (PreviewImporter) -> (artifact id: '7d9c47bfb7a9ceaee695fcc98088cc70') in 0.0057559 seconds
Number of updated asset objects reloaded before import = 0Number of asset objects unloaded after import = 0

========================================================================
Received Import Request.
  Time since last request: 678.963349 seconds.
  path: Assets/!_Project/Scripts/GroundCheck.cs
  artifactKey: Guid(17235ce5296d02e43a61c3449f4ac2e4) Importer(815301076,1909f56bfc062723c751e8b465ee728b)
Start importing Assets/!_Project/Scripts/GroundCheck.cs using Guid(17235ce5296d02e43a61c3449f4ac2e4) Importer(815301076,1909f56bfc062723c751e8b465ee728b) (PreviewImporter) -> (artifact id: '43ea4c9c4ca14792aef2dfd81809a34d') in 0.0032446 seconds
Number of updated asset objects reloaded before import = 0Number of asset objects unloaded after import = 0

========================================================================
Received Prepare
Refreshing native plugins compatible for Editor in 10.33 ms, found 5 plugins.
Preloading 1 native plugins for Editor in 0.23 ms.
Unloading 59 Unused Serialized files (Serialized files now loaded: 0)
Unloading 10258 unused Assets / (21.9 MB). Loaded Objects now: 11160.
Memory consumption went from 223.2 MB to 201.3 MB.
Total: 63.213000 ms (FindLiveObjects: 2.169200 ms CreateObjectMapping: 1.977100 ms MarkObjects: 43.288500 ms  DeleteObjects: 15.774800 ms)

Prepare: number of updated asset objects reloaded= 0
========================================================================
Received Prepare
Begin MonoManager ReloadAssembly
[Licensing::Client] Successfully resolved entitlement details
Symbol file LoadedFromMemory is not a mono symbol file
Symbol file LoadedFromMemory is not a mono symbol file
- Loaded All Assemblies, in  1.859 seconds
Refreshing native plugins compatible for Editor in 5.99 ms, found 5 plugins.
Native extension for WindowsStandalone target not found
[Package Manager] Failed to launch server process. Reason: Unity was launched with the -noUpm command-line argument
[Package Manager] Unable to send message (not connected to server process).
[Package Manager] Cannot connect to Unity Package Manager local server
Refreshing native plugins compatible for Editor in 4.52 ms, found 5 plugins.
[Package Manager] Failed to launch server process. Reason: Unity was launched with the -noUpm command-line argument
[Package Manager] Unable to send message (not connected to server process).
[Package Manager] Cannot connect to Unity Package Manager local server
[Licensing::Client] Error: Code 404 while processing request (status: Found 0 entitlement groups and 0 free entitlements matching requested entitlement ids)
ScheduleIndexationOnStartup MainProcess:False IndexOnStartup:True
Mono: successfully reloaded assembly
- Finished resetting the current domain, in  2.904 seconds
Domain Reload Profiling: 4757ms
	BeginReloadAssembly (435ms)
		ExecutionOrderSort (0ms)
		DisableScriptedObjects (10ms)
		BackupInstance (0ms)
		ReleaseScriptingObjects (0ms)
		CreateAndSetChildDomain (163ms)
	RebuildCommonClasses (71ms)
	RebuildNativeTypeToScriptingClass (18ms)
	initialDomainReloadingComplete (98ms)
	LoadAllAssembliesAndSetupDomain (1230ms)
		LoadAssemblies (821ms)
		RebuildTransferFunctionScriptingTraits (0ms)
		AnalyzeDomain (566ms)
			TypeCache.Refresh (32ms)
				TypeCache.ScanAssembly (0ms)
			BuildScriptInfoCaches (501ms)
			ResolveRequiredComponents (14ms)
	FinalizeReload (2905ms)
		ReleaseScriptCaches (0ms)
		RebuildScriptCaches (0ms)
		SetupLoadedEditorAssemblies (2588ms)
			LogAssemblyErrors (0ms)
			InitializePlatformSupportModulesInManaged (3ms)
			SetLoadedEditorAssemblies (10ms)
			BeforeProcessingInitializeOnLoad (368ms)
			ProcessInitializeOnLoadAttributes (1459ms)
			ProcessInitializeOnLoadMethodAttributes (733ms)
			AfterProcessingInitializeOnLoad (14ms)
			EditorAssembliesLoaded (2ms)
		ExecutionOrderSort2 (0ms)
		AwakeInstancesAfterBackupRestoration (36ms)
Refreshing native plugins compatible for Editor in 7.61 ms, found 5 plugins.
Preloading 1 native plugins for Editor in 0.10 ms.
Unloading 59 Unused Serialized files (Serialized files now loaded: 0)
Unloading 10278 unused Assets / (19.6 MB). Loaded Objects now: 11163.
Memory consumption went from 226.7 MB to 207.1 MB.
Total: 49.901900 ms (FindLiveObjects: 2.410900 ms CreateObjectMapping: 1.753800 ms MarkObjects: 31.257300 ms  DeleteObjects: 14.477900 ms)

Prepare: number of updated asset objects reloaded= 0
========================================================================
Received Prepare
Refreshing native plugins compatible for Editor in 8.01 ms, found 5 plugins.
Preloading 1 native plugins for Editor in 0.19 ms.
Unloading 59 Unused Serialized files (Serialized files now loaded: 0)
Unloading 10258 unused Assets / (21.4 MB). Loaded Objects now: 11163.
Memory consumption went from 230.4 MB to 209.0 MB.
Total: 61.115200 ms (FindLiveObjects: 2.040100 ms CreateObjectMapping: 2.206000 ms MarkObjects: 35.999300 ms  DeleteObjects: 20.866100 ms)

Prepare: number of updated asset objects reloaded= 0
========================================================================
Received Prepare
Begin MonoManager ReloadAssembly
[Licensing::Client] Successfully resolved entitlement details
Symbol file LoadedFromMemory is not a mono symbol file
Symbol file LoadedFromMemory is not a mono symbol file
- Loaded All Assemblies, in  2.037 seconds
Refreshing native plugins compatible for Editor in 6.56 ms, found 5 plugins.
Native extension for WindowsStandalone target not found
[Package Manager] Failed to launch server process. Reason: Unity was launched with the -noUpm command-line argument
[Package Manager] Unable to send message (not connected to server process).
[Package Manager] Cannot connect to Unity Package Manager local server
Refreshing native plugins compatible for Editor in 5.13 ms, found 5 plugins.
[Package Manager] Failed to launch server process. Reason: Unity was launched with the -noUpm command-line argument
[Package Manager] Unable to send message (not connected to server process).
[Package Manager] Cannot connect to Unity Package Manager local server
[Licensing::Client] Error: Code 404 while processing request (status: Found 0 entitlement groups and 0 free entitlements matching requested entitlement ids)
ScheduleIndexationOnStartup MainProcess:False IndexOnStartup:True
Mono: successfully reloaded assembly
- Finished resetting the current domain, in  2.686 seconds
Domain Reload Profiling: 4720ms
	BeginReloadAssembly (459ms)
		ExecutionOrderSort (0ms)
		DisableScriptedObjects (12ms)
		BackupInstance (0ms)
		ReleaseScriptingObjects (0ms)
		CreateAndSetChildDomain (177ms)
	RebuildCommonClasses (71ms)
	RebuildNativeTypeToScriptingClass (103ms)
	initialDomainReloadingComplete (101ms)
	LoadAllAssembliesAndSetupDomain (1299ms)
		LoadAssemblies (879ms)
		RebuildTransferFunctionScriptingTraits (0ms)
		AnalyzeDomain (595ms)
			TypeCache.Refresh (18ms)
				TypeCache.ScanAssembly (0ms)
			BuildScriptInfoCaches (550ms)
			ResolveRequiredComponents (14ms)
	FinalizeReload (2686ms)
		ReleaseScriptCaches (0ms)
		RebuildScriptCaches (0ms)
		SetupLoadedEditorAssemblies (2370ms)
			LogAssemblyErrors (0ms)
			InitializePlatformSupportModulesInManaged (3ms)
			SetLoadedEditorAssemblies (16ms)
			BeforeProcessingInitializeOnLoad (425ms)
			ProcessInitializeOnLoadAttributes (1299ms)
			ProcessInitializeOnLoadMethodAttributes (616ms)
			AfterProcessingInitializeOnLoad (10ms)
			EditorAssembliesLoaded (1ms)
		ExecutionOrderSort2 (0ms)
		AwakeInstancesAfterBackupRestoration (29ms)
Refreshing native plugins compatible for Editor in 4.56 ms, found 5 plugins.
Preloading 1 native plugins for Editor in 0.10 ms.
Unloading 59 Unused Serialized files (Serialized files now loaded: 0)
Unloading 10278 unused Assets / (22.7 MB). Loaded Objects now: 11166.
Memory consumption went from 233.9 MB to 211.2 MB.
Total: 37.059900 ms (FindLiveObjects: 2.543700 ms CreateObjectMapping: 2.531300 ms MarkObjects: 19.801700 ms  DeleteObjects: 12.181100 ms)

Prepare: number of updated asset objects reloaded= 0
========================================================================
Received Import Request.
  Time since last request: 1301.047550 seconds.
  path: Assets/!_Project/Scripts/GroundCheck.cs
  artifactKey: Guid(17235ce5296d02e43a61c3449f4ac2e4) Importer(2089858483,b0f066a214c2f5e87bad3c948f4d605d)
Start importing Assets/!_Project/Scripts/GroundCheck.cs using Guid(17235ce5296d02e43a61c3449f4ac2e4) Importer(2089858483,b0f066a214c2f5e87bad3c948f4d605d) (ScriptedImporter) -> (artifact id: '1d54151247d2343678e3b00a9e5dda61') in 0.143278 seconds
Number of updated asset objects reloaded before import = 0Number of asset objects unloaded after import = 0

========================================================================
Received Prepare
Refreshing native plugins compatible for Editor in 7.81 ms, found 5 plugins.
Preloading 1 native plugins for Editor in 0.18 ms.
Unloading 59 Unused Serialized files (Serialized files now loaded: 0)
Unloading 10259 unused Assets / (21.2 MB). Loaded Objects now: 11167.
Memory consumption went from 223.3 MB to 202.1 MB.
Total: 56.224200 ms (FindLiveObjects: 2.414800 ms CreateObjectMapping: 1.630700 ms MarkObjects: 36.037600 ms  DeleteObjects: 16.137500 ms)

Prepare: number of updated asset objects reloaded= 0
========================================================================
Received Import Request.
  Time since last request: 3.080934 seconds.
  path: Assets/!_Project/Scripts/BallController.cs
  artifactKey: Guid(c6c163d4e2316db47830d07c876ccddf) Importer(2089858483,b0f066a214c2f5e87bad3c948f4d605d)
Start importing Assets/!_Project/Scripts/BallController.cs using Guid(c6c163d4e2316db47830d07c876ccddf) Importer(2089858483,b0f066a214c2f5e87bad3c948f4d605d) (ScriptedImporter) -> (artifact id: '6ca6e5fea5ea666a6d92f5d6e828bcbc') in 0.0220546 seconds
Number of updated asset objects reloaded before import = 0Number of asset objects unloaded after import = 0

========================================================================
Received Prepare
Refreshing native plugins compatible for Editor in 9.68 ms, found 5 plugins.
Preloading 1 native plugins for Editor in 0.27 ms.
Unloading 59 Unused Serialized files (Serialized files now loaded: 0)
Unloading 10259 unused Assets / (20.3 MB). Loaded Objects now: 11167.
Memory consumption went from 223.3 MB to 203.0 MB.
Total: 67.492100 ms (FindLiveObjects: 2.343700 ms CreateObjectMapping: 3.917500 ms MarkObjects: 41.426300 ms  DeleteObjects: 19.801500 ms)

Prepare: number of updated asset objects reloaded= 0
========================================================================
Received Import Request.
  Time since last request: 150.190758 seconds.
  path: Assets/!_Project/Scripts/BallController.cs
  artifactKey: Guid(c6c163d4e2316db47830d07c876ccddf) Importer(815301076,1909f56bfc062723c751e8b465ee728b)
Start importing Assets/!_Project/Scripts/BallController.cs using Guid(c6c163d4e2316db47830d07c876ccddf) Importer(815301076,1909f56bfc062723c751e8b465ee728b) (PreviewImporter) -> (artifact id: '303f2db6708c4f4e5cecac0e827166b1') in 0.0055007 seconds
Number of updated asset objects reloaded before import = 0Number of asset objects unloaded after import = 0

========================================================================
Received Prepare
Begin MonoManager ReloadAssembly
[Licensing::Client] Successfully resolved entitlement details
Symbol file LoadedFromMemory is not a mono symbol file
Symbol file LoadedFromMemory is not a mono symbol file
- Loaded All Assemblies, in  1.976 seconds
Refreshing native plugins compatible for Editor in 6.37 ms, found 5 plugins.
Native extension for WindowsStandalone target not found
[Package Manager] Failed to launch server process. Reason: Unity was launched with the -noUpm command-line argument
[Package Manager] Unable to send message (not connected to server process).
[Package Manager] Cannot connect to Unity Package Manager local server
Refreshing native plugins compatible for Editor in 7.29 ms, found 5 plugins.
[Package Manager] Failed to launch server process. Reason: Unity was launched with the -noUpm command-line argument
[Package Manager] Unable to send message (not connected to server process).
[Package Manager] Cannot connect to Unity Package Manager local server
[Licensing::Client] Error: Code 404 while processing request (status: Found 0 entitlement groups and 0 free entitlements matching requested entitlement ids)
ScheduleIndexationOnStartup MainProcess:False IndexOnStartup:True
Mono: successfully reloaded assembly
- Finished resetting the current domain, in  3.106 seconds
Domain Reload Profiling: 5079ms
	BeginReloadAssembly (456ms)
		ExecutionOrderSort (0ms)
		DisableScriptedObjects (9ms)
		BackupInstance (0ms)
		ReleaseScriptingObjects (0ms)
		CreateAndSetChildDomain (160ms)
	RebuildCommonClasses (71ms)
	RebuildNativeTypeToScriptingClass (27ms)
	initialDomainReloadingComplete (96ms)
	LoadAllAssembliesAndSetupDomain (1323ms)
		LoadAssemblies (874ms)
		RebuildTransferFunctionScriptingTraits (0ms)
		AnalyzeDomain (628ms)
			TypeCache.Refresh (24ms)
				TypeCache.ScanAssembly (1ms)
			BuildScriptInfoCaches (578ms)
			ResolveRequiredComponents (14ms)
	FinalizeReload (3106ms)
		ReleaseScriptCaches (0ms)
		RebuildScriptCaches (0ms)
		SetupLoadedEditorAssemblies (2821ms)
			LogAssemblyErrors (0ms)
			InitializePlatformSupportModulesInManaged (3ms)
			SetLoadedEditorAssemblies (11ms)
			BeforeProcessingInitializeOnLoad (453ms)
			ProcessInitializeOnLoadAttributes (1577ms)
			ProcessInitializeOnLoadMethodAttributes (758ms)
			AfterProcessingInitializeOnLoad (18ms)
			EditorAssembliesLoaded (1ms)
		ExecutionOrderSort2 (0ms)
		AwakeInstancesAfterBackupRestoration (35ms)
Refreshing native plugins compatible for Editor in 7.42 ms, found 5 plugins.
Preloading 1 native plugins for Editor in 0.12 ms.
Unloading 59 Unused Serialized files (Serialized files now loaded: 0)
Unloading 10279 unused Assets / (21.3 MB). Loaded Objects now: 11170.
Memory consumption went from 223.2 MB to 201.9 MB.
Total: 68.321900 ms (FindLiveObjects: 4.078500 ms CreateObjectMapping: 3.425400 ms MarkObjects: 41.876300 ms  DeleteObjects: 18.939000 ms)

Prepare: number of updated asset objects reloaded= 0
========================================================================
Received Import Request.
  Time since last request: 21.516770 seconds.
  path: Assets/!_Project/Scripts/BallController.cs
  artifactKey: Guid(c6c163d4e2316db47830d07c876ccddf) Importer(815301076,1909f56bfc062723c751e8b465ee728b)
Start importing Assets/!_Project/Scripts/BallController.cs using Guid(c6c163d4e2316db47830d07c876ccddf) Importer(815301076,1909f56bfc062723c751e8b465ee728b) (PreviewImporter) -> (artifact id: '8eec1d0c296f336ba2827e75d224966d') in 0.0721568 seconds
Number of updated asset objects reloaded before import = 0Number of asset objects unloaded after import = 0

========================================================================
Received Prepare
Begin MonoManager ReloadAssembly
[Licensing::Client] Successfully resolved entitlement details
Symbol file LoadedFromMemory is not a mono symbol file
Symbol file LoadedFromMemory is not a mono symbol file
- Loaded All Assemblies, in  1.572 seconds
Refreshing native plugins compatible for Editor in 4.83 ms, found 5 plugins.
Native extension for WindowsStandalone target not found
[Package Manager] Failed to launch server process. Reason: Unity was launched with the -noUpm command-line argument
[Package Manager] Unable to send message (not connected to server process).
[Package Manager] Cannot connect to Unity Package Manager local server
Refreshing native plugins compatible for Editor in 5.13 ms, found 5 plugins.
[Package Manager] Failed to launch server process. Reason: Unity was launched with the -noUpm command-line argument
[Package Manager] Unable to send message (not connected to server process).
[Package Manager] Cannot connect to Unity Package Manager local server
[Licensing::Client] Error: Code 404 while processing request (status: Found 0 entitlement groups and 0 free entitlements matching requested entitlement ids)
ScheduleIndexationOnStartup MainProcess:False IndexOnStartup:True
Mono: successfully reloaded assembly
- Finished resetting the current domain, in  2.385 seconds
Domain Reload Profiling: 3958ms
	BeginReloadAssembly (340ms)
		ExecutionOrderSort (0ms)
		DisableScriptedObjects (12ms)
		BackupInstance (0ms)
		ReleaseScriptingObjects (0ms)
		CreateAndSetChildDomain (118ms)
	RebuildCommonClasses (51ms)
	RebuildNativeTypeToScriptingClass (25ms)
	initialDomainReloadingComplete (70ms)
	LoadAllAssembliesAndSetupDomain (1086ms)
		LoadAssemblies (729ms)
		RebuildTransferFunctionScriptingTraits (0ms)
		AnalyzeDomain (481ms)
			TypeCache.Refresh (14ms)
				TypeCache.ScanAssembly (0ms)
			BuildScriptInfoCaches (445ms)
			ResolveRequiredComponents (13ms)
	FinalizeReload (2386ms)
		ReleaseScriptCaches (0ms)
		RebuildScriptCaches (0ms)
		SetupLoadedEditorAssemblies (2142ms)
			LogAssemblyErrors (0ms)
			InitializePlatformSupportModulesInManaged (3ms)
			SetLoadedEditorAssemblies (10ms)
			BeforeProcessingInitializeOnLoad (346ms)
			ProcessInitializeOnLoadAttributes (1233ms)
			ProcessInitializeOnLoadMethodAttributes (539ms)
			AfterProcessingInitializeOnLoad (10ms)
			EditorAssembliesLoaded (1ms)
		ExecutionOrderSort2 (0ms)
		AwakeInstancesAfterBackupRestoration (25ms)
Refreshing native plugins compatible for Editor in 4.87 ms, found 5 plugins.
Preloading 1 native plugins for Editor in 0.10 ms.
Unloading 59 Unused Serialized files (Serialized files now loaded: 0)
Unloading 10279 unused Assets / (21.7 MB). Loaded Objects now: 11173.
Memory consumption went from 223.3 MB to 201.6 MB.
Total: 43.601300 ms (FindLiveObjects: 1.427200 ms CreateObjectMapping: 1.672500 ms MarkObjects: 28.797400 ms  DeleteObjects: 11.702100 ms)

Prepare: number of updated asset objects reloaded= 0
========================================================================
Received Prepare
Begin MonoManager ReloadAssembly
Symbol file LoadedFromMemory is not a mono symbol file
Symbol file LoadedFromMemory is not a mono symbol file
- Loaded All Assemblies, in  1.508 seconds
Refreshing native plugins compatible for Editor in 4.05 ms, found 5 plugins.
Native extension for WindowsStandalone target not found
[Package Manager] Failed to launch server process. Reason: Unity was launched with the -noUpm command-line argument
[Package Manager] Unable to send message (not connected to server process).
[Package Manager] Cannot connect to Unity Package Manager local server
[Licensing::Client] Successfully resolved entitlement details
Refreshing native plugins compatible for Editor in 6.65 ms, found 5 plugins.
[Package Manager] Failed to launch server process. Reason: Unity was launched with the -noUpm command-line argument
[Package Manager] Unable to send message (not connected to server process).
[Package Manager] Cannot connect to Unity Package Manager local server
[Licensing::Client] Error: Code 404 while processing request (status: Found 0 entitlement groups and 0 free entitlements matching requested entitlement ids)
ScheduleIndexationOnStartup MainProcess:False IndexOnStartup:True
Mono: successfully reloaded assembly
- Finished resetting the current domain, in  2.393 seconds
Domain Reload Profiling: 3895ms
	BeginReloadAssembly (320ms)
		ExecutionOrderSort (0ms)
		DisableScriptedObjects (8ms)
		BackupInstance (0ms)
		ReleaseScriptingObjects (0ms)
		CreateAndSetChildDomain (106ms)
	RebuildCommonClasses (47ms)
	RebuildNativeTypeToScriptingClass (17ms)
	initialDomainReloadingComplete (75ms)
	LoadAllAssembliesAndSetupDomain (1042ms)
		LoadAssemblies (687ms)
		RebuildTransferFunctionScriptingTraits (0ms)
		AnalyzeDomain (482ms)
			TypeCache.Refresh (15ms)
				TypeCache.ScanAssembly (0ms)
			BuildScriptInfoCaches (446ms)
			ResolveRequiredComponents (10ms)
	FinalizeReload (2394ms)
		ReleaseScriptCaches (0ms)
		RebuildScriptCaches (0ms)
		SetupLoadedEditorAssemblies (2165ms)
			LogAssemblyErrors (0ms)
			InitializePlatformSupportModulesInManaged (2ms)
			SetLoadedEditorAssemblies (8ms)
			BeforeProcessingInitializeOnLoad (336ms)
			ProcessInitializeOnLoadAttributes (1214ms)
			ProcessInitializeOnLoadMethodAttributes (593ms)
			AfterProcessingInitializeOnLoad (9ms)
			EditorAssembliesLoaded (2ms)
		ExecutionOrderSort2 (0ms)
		AwakeInstancesAfterBackupRestoration (23ms)
Refreshing native plugins compatible for Editor in 5.79 ms, found 5 plugins.
Preloading 1 native plugins for Editor in 0.13 ms.
Unloading 59 Unused Serialized files (Serialized files now loaded: 0)
Unloading 10279 unused Assets / (20.6 MB). Loaded Objects now: 11176.
Memory consumption went from 226.9 MB to 206.3 MB.
Total: 40.395500 ms (FindLiveObjects: 2.561400 ms CreateObjectMapping: 1.899400 ms MarkObjects: 26.873900 ms  DeleteObjects: 9.058700 ms)

Prepare: number of updated asset objects reloaded= 0
========================================================================
Received Import Request.
  Time since last request: 821.993740 seconds.
  path: ProjectSettings/TagManager.asset
  artifactKey: Guid(00000000000000003000000000000000) Importer(815301076,1909f56bfc062723c751e8b465ee728b)
Start importing ProjectSettings/TagManager.asset using Guid(00000000000000003000000000000000) Importer(815301076,1909f56bfc062723c751e8b465ee728b) (PreviewImporter) -> (artifact id: '3a7edb23da3ecee511b0136481fac718') in 0.0595808 seconds
Number of updated asset objects reloaded before import = 0Number of asset objects unloaded after import = 0

========================================================================
Received Import Request.
  Time since last request: 65.771981 seconds.
  path: Assets/!_Project/Materials/Ball.mat
  artifactKey: Guid(887e84d8b7538804d8033e79743a9a60) Importer(2089858483,b0f066a214c2f5e87bad3c948f4d605d)
Start importing Assets/!_Project/Materials/Ball.mat using Guid(887e84d8b7538804d8033e79743a9a60) Importer(2089858483,b0f066a214c2f5e87bad3c948f4d605d) (ScriptedImporter) -> (artifact id: 'b227d8ebd7b4f36859fce47eb8582187') in 0.2286394 seconds
Number of updated asset objects reloaded before import = 0Number of asset objects unloaded after import = 2

========================================================================
Received Prepare
Refreshing native plugins compatible for Editor in 7.65 ms, found 5 plugins.
Preloading 1 native plugins for Editor in 0.12 ms.
Unloading 59 Unused Serialized files (Serialized files now loaded: 0)
Unloading 10262 unused Assets / (19.7 MB). Loaded Objects now: 11177.
Memory consumption went from 223.5 MB to 203.8 MB.
Total: 40.013200 ms (FindLiveObjects: 1.496200 ms CreateObjectMapping: 1.528000 ms MarkObjects: 26.400400 ms  DeleteObjects: 10.586000 ms)

Prepare: number of updated asset objects reloaded= 0
========================================================================
Received Import Request.
  Time since last request: 3.269662 seconds.
  path: Assets/!_Project/Scripts/ObjectJump.cs
  artifactKey: Guid(e07f15daeeed6ed41b08406194017d76) Importer(815301076,1909f56bfc062723c751e8b465ee728b)
Start importing Assets/!_Project/Scripts/ObjectJump.cs using Guid(e07f15daeeed6ed41b08406194017d76) Importer(815301076,1909f56bfc062723c751e8b465ee728b) (PreviewImporter) -> (artifact id: '27d1dbc89cce11ee4446b7be47cc71e7') in 0.0016922 seconds
Number of updated asset objects reloaded before import = 0Number of asset objects unloaded after import = 0

========================================================================
Received Import Request.
  Time since last request: 0.831249 seconds.
  path: Assets/!_Project/Scripts/ObjectJump.cs
  artifactKey: Guid(e07f15daeeed6ed41b08406194017d76) Importer(2089858483,b0f066a214c2f5e87bad3c948f4d605d)
Start importing Assets/!_Project/Scripts/ObjectJump.cs using Guid(e07f15daeeed6ed41b08406194017d76) Importer(2089858483,b0f066a214c2f5e87bad3c948f4d605d) (ScriptedImporter) -> (artifact id: 'bbb8a23b67835e2c710eae67e8e4a116') in 0.0363004 seconds
Number of updated asset objects reloaded before import = 0Number of asset objects unloaded after import = 0

========================================================================
Received Prepare
Refreshing native plugins compatible for Editor in 10.07 ms, found 5 plugins.
Preloading 1 native plugins for Editor in 0.18 ms.
Unloading 59 Unused Serialized files (Serialized files now loaded: 0)
Unloading 10260 unused Assets / (20.6 MB). Loaded Objects now: 11177.
Memory consumption went from 223.5 MB to 202.9 MB.
Total: 68.492300 ms (FindLiveObjects: 3.690900 ms CreateObjectMapping: 3.051400 ms MarkObjects: 46.640700 ms  DeleteObjects: 15.106000 ms)

Prepare: number of updated asset objects reloaded= 0
========================================================================
Received Import Request.
  Time since last request: 237.227411 seconds.
  path: Assets/!_Project/Scripts/ObjectJump.cs
  artifactKey: Guid(e07f15daeeed6ed41b08406194017d76) Importer(2089858483,b0f066a214c2f5e87bad3c948f4d605d)
Start importing Assets/!_Project/Scripts/ObjectJump.cs using Guid(e07f15daeeed6ed41b08406194017d76) Importer(2089858483,b0f066a214c2f5e87bad3c948f4d605d) (ScriptedImporter) -> (artifact id: '3ab3c0550ccdb68ca298edae4e6c9bdf') in 0.0266942 seconds
Number of updated asset objects reloaded before import = 0Number of asset objects unloaded after import = 0

========================================================================
Received Prepare
Begin MonoManager ReloadAssembly
[Licensing::Client] Successfully resolved entitlement details
Symbol file LoadedFromMemory is not a mono symbol file
Symbol file LoadedFromMemory is not a mono symbol file
- Loaded All Assemblies, in  1.930 seconds
Refreshing native plugins compatible for Editor in 6.14 ms, found 5 plugins.
Native extension for WindowsStandalone target not found
[Package Manager] Failed to launch server process. Reason: Unity was launched with the -noUpm command-line argument
[Package Manager] Unable to send message (not connected to server process).
[Package Manager] Cannot connect to Unity Package Manager local server
Refreshing native plugins compatible for Editor in 6.77 ms, found 5 plugins.
[Package Manager] Failed to launch server process. Reason: Unity was launched with the -noUpm command-line argument
[Package Manager] Unable to send message (not connected to server process).
[Package Manager] Cannot connect to Unity Package Manager local server
[Licensing::Client] Error: Code 404 while processing request (status: Found 0 entitlement groups and 0 free entitlements matching requested entitlement ids)
ScheduleIndexationOnStartup MainProcess:False IndexOnStartup:True
Mono: successfully reloaded assembly
- Finished resetting the current domain, in  3.069 seconds
Domain Reload Profiling: 4996ms
	BeginReloadAssembly (449ms)
		ExecutionOrderSort (0ms)
		DisableScriptedObjects (11ms)
		BackupInstance (0ms)
		ReleaseScriptingObjects (0ms)
		CreateAndSetChildDomain (146ms)
	RebuildCommonClasses (68ms)
	RebuildNativeTypeToScriptingClass (26ms)
	initialDomainReloadingComplete (102ms)
	LoadAllAssembliesAndSetupDomain (1281ms)
		LoadAssemblies (913ms)
		RebuildTransferFunctionScriptingTraits (0ms)
		AnalyzeDomain (559ms)
			TypeCache.Refresh (22ms)
				TypeCache.ScanAssembly (0ms)
			BuildScriptInfoCaches (512ms)
			ResolveRequiredComponents (13ms)
	FinalizeReload (3070ms)
		ReleaseScriptCaches (0ms)
		RebuildScriptCaches (0ms)
		SetupLoadedEditorAssemblies (2747ms)
			LogAssemblyErrors (0ms)
			InitializePlatformSupportModulesInManaged (3ms)
			SetLoadedEditorAssemblies (10ms)
			BeforeProcessingInitializeOnLoad (470ms)
			ProcessInitializeOnLoadAttributes (1553ms)
			ProcessInitializeOnLoadMethodAttributes (693ms)
			AfterProcessingInitializeOnLoad (17ms)
			EditorAssembliesLoaded (1ms)
		ExecutionOrderSort2 (0ms)
		AwakeInstancesAfterBackupRestoration (33ms)
Refreshing native plugins compatible for Editor in 7.21 ms, found 5 plugins.
Preloading 1 native plugins for Editor in 0.12 ms.
Unloading 59 Unused Serialized files (Serialized files now loaded: 0)
Unloading 10280 unused Assets / (21.0 MB). Loaded Objects now: 11180.
Memory consumption went from 223.4 MB to 202.4 MB.
Total: 60.460400 ms (FindLiveObjects: 2.913000 ms CreateObjectMapping: 3.061800 ms MarkObjects: 36.907600 ms  DeleteObjects: 17.574200 ms)

Prepare: number of updated asset objects reloaded= 0
========================================================================
Received Import Request.
  Time since last request: 72.320794 seconds.
  path: Assets/!_Project/Scripts/ObjectJump.cs
  artifactKey: Guid(e07f15daeeed6ed41b08406194017d76) Importer(815301076,1909f56bfc062723c751e8b465ee728b)
Start importing Assets/!_Project/Scripts/ObjectJump.cs using Guid(e07f15daeeed6ed41b08406194017d76) Importer(815301076,1909f56bfc062723c751e8b465ee728b) (PreviewImporter) -> (artifact id: 'ef5ed70e723b3d8bc9f626437bbd1ff9') in 0.0047651 seconds
Number of updated asset objects reloaded before import = 0Number of asset objects unloaded after import = 0

========================================================================
Received Prepare
Refreshing native plugins compatible for Editor in 9.21 ms, found 5 plugins.
Preloading 1 native plugins for Editor in 0.24 ms.
Unloading 59 Unused Serialized files (Serialized files now loaded: 0)
Unloading 10260 unused Assets / (20.7 MB). Loaded Objects now: 11180.
Memory consumption went from 223.5 MB to 202.8 MB.
Total: 60.594400 ms (FindLiveObjects: 2.749200 ms CreateObjectMapping: 3.113600 ms MarkObjects: 38.082100 ms  DeleteObjects: 16.646600 ms)

Prepare: number of updated asset objects reloaded= 0
========================================================================
Received Prepare
Begin MonoManager ReloadAssembly
[Licensing::Client] Successfully resolved entitlement details
Symbol file LoadedFromMemory is not a mono symbol file
Symbol file LoadedFromMemory is not a mono symbol file
- Loaded All Assemblies, in  1.618 seconds
Refreshing native plugins compatible for Editor in 5.80 ms, found 5 plugins.
Native extension for WindowsStandalone target not found
[Package Manager] Failed to launch server process. Reason: Unity was launched with the -noUpm command-line argument
[Package Manager] Unable to send message (not connected to server process).
[Package Manager] Cannot connect to Unity Package Manager local server
Refreshing native plugins compatible for Editor in 5.60 ms, found 5 plugins.
[Package Manager] Failed to launch server process. Reason: Unity was launched with the -noUpm command-line argument
[Package Manager] Unable to send message (not connected to server process).
[Package Manager] Cannot connect to Unity Package Manager local server
[Licensing::Client] Error: Code 404 while processing request (status: Found 0 entitlement groups and 0 free entitlements matching requested entitlement ids)
ScheduleIndexationOnStartup MainProcess:False IndexOnStartup:True
Mono: successfully reloaded assembly
- Finished resetting the current domain, in  2.618 seconds
Domain Reload Profiling: 4236ms
	BeginReloadAssembly (367ms)
		ExecutionOrderSort (0ms)
		DisableScriptedObjects (11ms)
		BackupInstance (0ms)
		ReleaseScriptingObjects (0ms)
		CreateAndSetChildDomain (116ms)
	RebuildCommonClasses (50ms)
	RebuildNativeTypeToScriptingClass (22ms)
	initialDomainReloadingComplete (79ms)
	LoadAllAssembliesAndSetupDomain (1099ms)
		LoadAssemblies (722ms)
		RebuildTransferFunctionScriptingTraits (0ms)
		AnalyzeDomain (505ms)
			TypeCache.Refresh (24ms)
				TypeCache.ScanAssembly (0ms)
			BuildScriptInfoCaches (459ms)
			ResolveRequiredComponents (11ms)
	FinalizeReload (2619ms)
		ReleaseScriptCaches (0ms)
		RebuildScriptCaches (0ms)
		SetupLoadedEditorAssemblies (2324ms)
			LogAssemblyErrors (0ms)
			InitializePlatformSupportModulesInManaged (2ms)
			SetLoadedEditorAssemblies (11ms)
			BeforeProcessingInitializeOnLoad (432ms)
			ProcessInitializeOnLoadAttributes (1313ms)
			ProcessInitializeOnLoadMethodAttributes (549ms)
			AfterProcessingInitializeOnLoad (16ms)
			EditorAssembliesLoaded (1ms)
		ExecutionOrderSort2 (0ms)
		AwakeInstancesAfterBackupRestoration (25ms)
Refreshing native plugins compatible for Editor in 5.01 ms, found 5 plugins.
Preloading 1 native plugins for Editor in 0.12 ms.
Unloading 59 Unused Serialized files (Serialized files now loaded: 0)
Unloading 10280 unused Assets / (19.9 MB). Loaded Objects now: 11183.
Memory consumption went from 227.0 MB to 207.2 MB.
Total: 34.258200 ms (FindLiveObjects: 1.591900 ms CreateObjectMapping: 1.303500 ms MarkObjects: 22.644800 ms  DeleteObjects: 8.716300 ms)

Prepare: number of updated asset objects reloaded= 0
========================================================================
Received Prepare
Refreshing native plugins compatible for Editor in 7.93 ms, found 5 plugins.
Preloading 1 native plugins for Editor in 0.17 ms.
Unloading 59 Unused Serialized files (Serialized files now loaded: 0)
Unloading 10260 unused Assets / (22.0 MB). Loaded Objects now: 11183.
Memory consumption went from 230.7 MB to 208.7 MB.
Total: 60.807700 ms (FindLiveObjects: 2.261700 ms CreateObjectMapping: 1.546000 ms MarkObjects: 42.021400 ms  DeleteObjects: 14.976500 ms)

Prepare: number of updated asset objects reloaded= 0
========================================================================
Received Prepare
Begin MonoManager ReloadAssembly
[Licensing::Client] Successfully resolved entitlement details
Symbol file LoadedFromMemory is not a mono symbol file
Symbol file LoadedFromMemory is not a mono symbol file
- Loaded All Assemblies, in  1.849 seconds
Refreshing native plugins compatible for Editor in 4.17 ms, found 5 plugins.
Native extension for WindowsStandalone target not found
[Package Manager] Failed to launch server process. Reason: Unity was launched with the -noUpm command-line argument
[Package Manager] Unable to send message (not connected to server process).
[Package Manager] Cannot connect to Unity Package Manager local server
Refreshing native plugins compatible for Editor in 4.04 ms, found 5 plugins.
[Package Manager] Failed to launch server process. Reason: Unity was launched with the -noUpm command-line argument
[Package Manager] Unable to send message (not connected to server process).
[Package Manager] Cannot connect to Unity Package Manager local server
[Licensing::Client] Error: Code 404 while processing request (status: Found 0 entitlement groups and 0 free entitlements matching requested entitlement ids)
ScheduleIndexationOnStartup MainProcess:False IndexOnStartup:True
Mono: successfully reloaded assembly
- Finished resetting the current domain, in  2.288 seconds
Domain Reload Profiling: 4139ms
	BeginReloadAssembly (408ms)
		ExecutionOrderSort (0ms)
		DisableScriptedObjects (11ms)
		BackupInstance (0ms)
		ReleaseScriptingObjects (0ms)
		CreateAndSetChildDomain (134ms)
	RebuildCommonClasses (69ms)
	RebuildNativeTypeToScriptingClass (26ms)
	initialDomainReloadingComplete (98ms)
	LoadAllAssembliesAndSetupDomain (1249ms)
		LoadAssemblies (821ms)
		RebuildTransferFunctionScriptingTraits (0ms)
		AnalyzeDomain (582ms)
			TypeCache.Refresh (23ms)
				TypeCache.ScanAssembly (0ms)
			BuildScriptInfoCaches (536ms)
			ResolveRequiredComponents (11ms)
	FinalizeReload (2289ms)
		ReleaseScriptCaches (0ms)
		RebuildScriptCaches (0ms)
		SetupLoadedEditorAssemblies (1994ms)
			LogAssemblyErrors (0ms)
			InitializePlatformSupportModulesInManaged (3ms)
			SetLoadedEditorAssemblies (11ms)
			BeforeProcessingInitializeOnLoad (336ms)
			ProcessInitializeOnLoadAttributes (1101ms)
			ProcessInitializeOnLoadMethodAttributes (533ms)
			AfterProcessingInitializeOnLoad (9ms)
			EditorAssembliesLoaded (1ms)
		ExecutionOrderSort2 (0ms)
		AwakeInstancesAfterBackupRestoration (24ms)
Refreshing native plugins compatible for Editor in 4.45 ms, found 5 plugins.
Preloading 1 native plugins for Editor in 0.10 ms.
Unloading 59 Unused Serialized files (Serialized files now loaded: 0)
Unloading 10280 unused Assets / (20.7 MB). Loaded Objects now: 11186.
Memory consumption went from 234.2 MB to 213.5 MB.
Total: 37.787500 ms (FindLiveObjects: 1.796100 ms CreateObjectMapping: 2.343600 ms MarkObjects: 23.704900 ms  DeleteObjects: 9.941100 ms)

Prepare: number of updated asset objects reloaded= 0
========================================================================
Received Prepare
Begin MonoManager ReloadAssembly
[Licensing::Client] Successfully resolved entitlement details
Symbol file LoadedFromMemory is not a mono symbol file
Symbol file LoadedFromMemory is not a mono symbol file
- Loaded All Assemblies, in  1.689 seconds
Refreshing native plugins compatible for Editor in 4.95 ms, found 5 plugins.
Native extension for WindowsStandalone target not found
[Package Manager] Failed to launch server process. Reason: Unity was launched with the -noUpm command-line argument
[Package Manager] Unable to send message (not connected to server process).
[Package Manager] Cannot connect to Unity Package Manager local server
Refreshing native plugins compatible for Editor in 5.40 ms, found 5 plugins.
[Package Manager] Failed to launch server process. Reason: Unity was launched with the -noUpm command-line argument
[Package Manager] Unable to send message (not connected to server process).
[Package Manager] Cannot connect to Unity Package Manager local server
[Licensing::Client] Error: Code 404 while processing request (status: Found 0 entitlement groups and 0 free entitlements matching requested entitlement ids)
ScheduleIndexationOnStartup MainProcess:False IndexOnStartup:True
Mono: successfully reloaded assembly
- Finished resetting the current domain, in  2.375 seconds
Domain Reload Profiling: 4060ms
	BeginReloadAssembly (425ms)
		ExecutionOrderSort (0ms)
		DisableScriptedObjects (15ms)
		BackupInstance (0ms)
		ReleaseScriptingObjects (0ms)
		CreateAndSetChildDomain (123ms)
	RebuildCommonClasses (64ms)
	RebuildNativeTypeToScriptingClass (24ms)
	initialDomainReloadingComplete (104ms)
	LoadAllAssembliesAndSetupDomain (1066ms)
		LoadAssemblies (776ms)
		RebuildTransferFunctionScriptingTraits (0ms)
		AnalyzeDomain (468ms)
			TypeCache.Refresh (13ms)
				TypeCache.ScanAssembly (0ms)
			BuildScriptInfoCaches (424ms)
			ResolveRequiredComponents (21ms)
	FinalizeReload (2376ms)
		ReleaseScriptCaches (0ms)
		RebuildScriptCaches (0ms)
		SetupLoadedEditorAssemblies (2076ms)
			LogAssemblyErrors (0ms)
			InitializePlatformSupportModulesInManaged (3ms)
			SetLoadedEditorAssemblies (13ms)
			BeforeProcessingInitializeOnLoad (378ms)
			ProcessInitializeOnLoadAttributes (1129ms)
			ProcessInitializeOnLoadMethodAttributes (543ms)
			AfterProcessingInitializeOnLoad (9ms)
			EditorAssembliesLoaded (1ms)
		ExecutionOrderSort2 (0ms)
		AwakeInstancesAfterBackupRestoration (26ms)
Refreshing native plugins compatible for Editor in 4.84 ms, found 5 plugins.
Preloading 1 native plugins for Editor in 0.09 ms.
Unloading 59 Unused Serialized files (Serialized files now loaded: 0)
Unloading 10280 unused Assets / (21.0 MB). Loaded Objects now: 11189.
Memory consumption went from 237.9 MB to 216.8 MB.
Total: 37.244400 ms (FindLiveObjects: 1.369900 ms CreateObjectMapping: 1.488100 ms MarkObjects: 24.254100 ms  DeleteObjects: 10.130500 ms)

Prepare: number of updated asset objects reloaded= 0
========================================================================
Received Prepare
Refreshing native plugins compatible for Editor in 8.07 ms, found 5 plugins.
Preloading 1 native plugins for Editor in 0.16 ms.
Unloading 59 Unused Serialized files (Serialized files now loaded: 0)
Unloading 10260 unused Assets / (20.8 MB). Loaded Objects now: 11189.
Memory consumption went from 241.5 MB to 220.7 MB.
Total: 55.474900 ms (FindLiveObjects: 1.766700 ms CreateObjectMapping: 2.621900 ms MarkObjects: 37.716900 ms  DeleteObjects: 13.367100 ms)

Prepare: number of updated asset objects reloaded= 0
========================================================================
Received Prepare
Begin MonoManager ReloadAssembly
[Licensing::Client] Successfully resolved entitlement details
Symbol file LoadedFromMemory is not a mono symbol file
Symbol file LoadedFromMemory is not a mono symbol file
- Loaded All Assemblies, in  1.802 seconds
Refreshing native plugins compatible for Editor in 5.89 ms, found 5 plugins.
Native extension for WindowsStandalone target not found
[Package Manager] Failed to launch server process. Reason: Unity was launched with the -noUpm command-line argument
[Package Manager] Unable to send message (not connected to server process).
[Package Manager] Cannot connect to Unity Package Manager local server
Refreshing native plugins compatible for Editor in 6.26 ms, found 5 plugins.
[Package Manager] Failed to launch server process. Reason: Unity was launched with the -noUpm command-line argument
[Package Manager] Unable to send message (not connected to server process).
[Package Manager] Cannot connect to Unity Package Manager local server
[Licensing::Client] Error: Code 404 while processing request (status: Found 0 entitlement groups and 0 free entitlements matching requested entitlement ids)
ScheduleIndexationOnStartup MainProcess:False IndexOnStartup:True
Mono: successfully reloaded assembly
- Finished resetting the current domain, in  2.487 seconds
Domain Reload Profiling: 4287ms
	BeginReloadAssembly (410ms)
		ExecutionOrderSort (0ms)
		DisableScriptedObjects (11ms)
		BackupInstance (0ms)
		ReleaseScriptingObjects (0ms)
		CreateAndSetChildDomain (146ms)
	RebuildCommonClasses (63ms)
	RebuildNativeTypeToScriptingClass (26ms)
	initialDomainReloadingComplete (97ms)
	LoadAllAssembliesAndSetupDomain (1204ms)
		LoadAssemblies (798ms)
		RebuildTransferFunctionScriptingTraits (0ms)
		AnalyzeDomain (561ms)
			TypeCache.Refresh (23ms)
				TypeCache.ScanAssembly (0ms)
			BuildScriptInfoCaches (521ms)
			ResolveRequiredComponents (10ms)
	FinalizeReload (2488ms)
		ReleaseScriptCaches (0ms)
		RebuildScriptCaches (0ms)
		SetupLoadedEditorAssemblies (2169ms)
			LogAssemblyErrors (0ms)
			InitializePlatformSupportModulesInManaged (3ms)
			SetLoadedEditorAssemblies (12ms)
			BeforeProcessingInitializeOnLoad (388ms)
			ProcessInitializeOnLoadAttributes (1173ms)
			ProcessInitializeOnLoadMethodAttributes (578ms)
			AfterProcessingInitializeOnLoad (13ms)
			EditorAssembliesLoaded (1ms)
		ExecutionOrderSort2 (0ms)
		AwakeInstancesAfterBackupRestoration (33ms)
Refreshing native plugins compatible for Editor in 5.19 ms, found 5 plugins.
Preloading 1 native plugins for Editor in 0.20 ms.
Unloading 59 Unused Serialized files (Serialized files now loaded: 0)
Unloading 10280 unused Assets / (20.6 MB). Loaded Objects now: 11192.
Memory consumption went from 245.1 MB to 224.5 MB.
Total: 42.870200 ms (FindLiveObjects: 1.392200 ms CreateObjectMapping: 2.028600 ms MarkObjects: 29.445300 ms  DeleteObjects: 10.001900 ms)

Prepare: number of updated asset objects reloaded= 0
========================================================================
Received Prepare
Begin MonoManager ReloadAssembly
Symbol file LoadedFromMemory is not a mono symbol file
Symbol file LoadedFromMemory is not a mono symbol file
- Loaded All Assemblies, in  1.561 seconds
Refreshing native plugins compatible for Editor in 4.60 ms, found 5 plugins.
Native extension for WindowsStandalone target not found
[Package Manager] Failed to launch server process. Reason: Unity was launched with the -noUpm command-line argument
[Package Manager] Unable to send message (not connected to server process).
[Package Manager] Cannot connect to Unity Package Manager local server
Refreshing native plugins compatible for Editor in 4.77 ms, found 5 plugins.
[Package Manager] Failed to launch server process. Reason: Unity was launched with the -noUpm command-line argument
[Package Manager] Unable to send message (not connected to server process).
[Package Manager] Cannot connect to Unity Package Manager local server
[Licensing::Client] Error: Code 404 while processing request (status: Found 0 entitlement groups and 0 free entitlements matching requested entitlement ids)
ScheduleIndexationOnStartup MainProcess:False IndexOnStartup:True
Mono: successfully reloaded assembly
- Finished resetting the current domain, in  2.264 seconds
Domain Reload Profiling: 3824ms
	BeginReloadAssembly (347ms)
		ExecutionOrderSort (0ms)
		DisableScriptedObjects (9ms)
		BackupInstance (0ms)
		ReleaseScriptingObjects (0ms)
		CreateAndSetChildDomain (126ms)
	RebuildCommonClasses (51ms)
	RebuildNativeTypeToScriptingClass (16ms)
	initialDomainReloadingComplete (83ms)
	LoadAllAssembliesAndSetupDomain (1061ms)
		LoadAssemblies (716ms)
		RebuildTransferFunctionScriptingTraits (0ms)
		AnalyzeDomain (471ms)
			TypeCache.Refresh (16ms)
				TypeCache.ScanAssembly (0ms)
			BuildScriptInfoCaches (432ms)
			ResolveRequiredComponents (13ms)
	FinalizeReload (2265ms)
		ReleaseScriptCaches (0ms)
		RebuildScriptCaches (0ms)
		SetupLoadedEditorAssemblies (2024ms)
			LogAssemblyErrors (0ms)
			InitializePlatformSupportModulesInManaged (2ms)
			SetLoadedEditorAssemblies (10ms)
			BeforeProcessingInitializeOnLoad (356ms)
			ProcessInitializeOnLoadAttributes (1115ms)
			ProcessInitializeOnLoadMethodAttributes (524ms)
			AfterProcessingInitializeOnLoad (16ms)
			EditorAssembliesLoaded (1ms)
		ExecutionOrderSort2 (0ms)
		AwakeInstancesAfterBackupRestoration (22ms)
Refreshing native plugins compatible for Editor in 4.49 ms, found 5 plugins.
Preloading 1 native plugins for Editor in 0.13 ms.
Unloading 59 Unused Serialized files (Serialized files now loaded: 0)
Unloading 10280 unused Assets / (20.6 MB). Loaded Objects now: 11195.
Memory consumption went from 248.8 MB to 228.1 MB.
Total: 40.560800 ms (FindLiveObjects: 2.630500 ms CreateObjectMapping: 2.847300 ms MarkObjects: 23.045600 ms  DeleteObjects: 12.033700 ms)

Prepare: number of updated asset objects reloaded= 0
========================================================================
Received Prepare
Refreshing native plugins compatible for Editor in 6.28 ms, found 5 plugins.
Preloading 1 native plugins for Editor in 0.17 ms.
Unloading 59 Unused Serialized files (Serialized files now loaded: 0)
Unloading 10260 unused Assets / (21.5 MB). Loaded Objects now: 11195.
Memory consumption went from 252.4 MB to 231.0 MB.
Total: 82.297500 ms (FindLiveObjects: 2.450900 ms CreateObjectMapping: 2.358100 ms MarkObjects: 55.733400 ms  DeleteObjects: 21.751300 ms)

Prepare: number of updated asset objects reloaded= 0
========================================================================
Received Prepare
Begin MonoManager ReloadAssembly
[Licensing::Client] Successfully resolved entitlement details
Symbol file LoadedFromMemory is not a mono symbol file
Symbol file LoadedFromMemory is not a mono symbol file
- Loaded All Assemblies, in  1.643 seconds
Refreshing native plugins compatible for Editor in 4.52 ms, found 5 plugins.
Native extension for WindowsStandalone target not found
[Package Manager] Failed to launch server process. Reason: Unity was launched with the -noUpm command-line argument
[Package Manager] Unable to send message (not connected to server process).
[Package Manager] Cannot connect to Unity Package Manager local server
Refreshing native plugins compatible for Editor in 4.97 ms, found 5 plugins.
[Package Manager] Failed to launch server process. Reason: Unity was launched with the -noUpm command-line argument
[Package Manager] Unable to send message (not connected to server process).
[Package Manager] Cannot connect to Unity Package Manager local server
[Licensing::Client] Error: Code 404 while processing request (status: Found 0 entitlement groups and 0 free entitlements matching requested entitlement ids)
ScheduleIndexationOnStartup MainProcess:False IndexOnStartup:True
Mono: successfully reloaded assembly
- Finished resetting the current domain, in  2.406 seconds
Domain Reload Profiling: 4053ms
	BeginReloadAssembly (395ms)
		ExecutionOrderSort (0ms)
		DisableScriptedObjects (18ms)
		BackupInstance (0ms)
		ReleaseScriptingObjects (0ms)
		CreateAndSetChildDomain (132ms)
	RebuildCommonClasses (67ms)
	RebuildNativeTypeToScriptingClass (16ms)
	initialDomainReloadingComplete (81ms)
	LoadAllAssembliesAndSetupDomain (1088ms)
		LoadAssemblies (722ms)
		RebuildTransferFunctionScriptingTraits (0ms)
		AnalyzeDomain (510ms)
			TypeCache.Refresh (22ms)
				TypeCache.ScanAssembly (1ms)
			BuildScriptInfoCaches (448ms)
			ResolveRequiredComponents (21ms)
	FinalizeReload (2407ms)
		ReleaseScriptCaches (0ms)
		RebuildScriptCaches (0ms)
		SetupLoadedEditorAssemblies (2176ms)
			LogAssemblyErrors (0ms)
			InitializePlatformSupportModulesInManaged (3ms)
			SetLoadedEditorAssemblies (13ms)
			BeforeProcessingInitializeOnLoad (371ms)
			ProcessInitializeOnLoadAttributes (1272ms)
			ProcessInitializeOnLoadMethodAttributes (507ms)
			AfterProcessingInitializeOnLoad (9ms)
			EditorAssembliesLoaded (1ms)
		ExecutionOrderSort2 (0ms)
		AwakeInstancesAfterBackupRestoration (24ms)
Refreshing native plugins compatible for Editor in 4.26 ms, found 5 plugins.
Preloading 1 native plugins for Editor in 0.10 ms.
Unloading 59 Unused Serialized files (Serialized files now loaded: 0)
Unloading 10280 unused Assets / (21.8 MB). Loaded Objects now: 11198.
Memory consumption went from 256.0 MB to 234.2 MB.
Total: 35.057700 ms (FindLiveObjects: 1.417800 ms CreateObjectMapping: 1.659000 ms MarkObjects: 21.689500 ms  DeleteObjects: 10.289500 ms)

Prepare: number of updated asset objects reloaded= 0
========================================================================
Received Prepare
Begin MonoManager ReloadAssembly
[Licensing::Client] Successfully resolved entitlement details
Symbol file LoadedFromMemory is not a mono symbol file
Symbol file LoadedFromMemory is not a mono symbol file
- Loaded All Assemblies, in  1.806 seconds
Refreshing native plugins compatible for Editor in 5.17 ms, found 5 plugins.
Native extension for WindowsStandalone target not found
[Package Manager] Failed to launch server process. Reason: Unity was launched with the -noUpm command-line argument
[Package Manager] Unable to send message (not connected to server process).
[Package Manager] Cannot connect to Unity Package Manager local server
Refreshing native plugins compatible for Editor in 5.68 ms, found 5 plugins.
[Package Manager] Failed to launch server process. Reason: Unity was launched with the -noUpm command-line argument
[Package Manager] Unable to send message (not connected to server process).
[Package Manager] Cannot connect to Unity Package Manager local server
[Licensing::Client] Error: Code 404 while processing request (status: Found 0 entitlement groups and 0 free entitlements matching requested entitlement ids)
ScheduleIndexationOnStartup MainProcess:False IndexOnStartup:True
Mono: successfully reloaded assembly
- Finished resetting the current domain, in  2.324 seconds
Domain Reload Profiling: 4125ms
	BeginReloadAssembly (469ms)
		ExecutionOrderSort (0ms)
		DisableScriptedObjects (13ms)
		BackupInstance (0ms)
		ReleaseScriptingObjects (0ms)
		CreateAndSetChildDomain (146ms)
	RebuildCommonClasses (71ms)
	RebuildNativeTypeToScriptingClass (28ms)
	initialDomainReloadingComplete (99ms)
	LoadAllAssembliesAndSetupDomain (1133ms)
		LoadAssemblies (838ms)
		RebuildTransferFunctionScriptingTraits (0ms)
		AnalyzeDomain (478ms)
			TypeCache.Refresh (18ms)
				TypeCache.ScanAssembly (0ms)
			BuildScriptInfoCaches (441ms)
			ResolveRequiredComponents (10ms)
	FinalizeReload (2325ms)
		ReleaseScriptCaches (0ms)
		RebuildScriptCaches (0ms)
		SetupLoadedEditorAssemblies (2068ms)
			LogAssemblyErrors (0ms)
			InitializePlatformSupportModulesInManaged (3ms)
			SetLoadedEditorAssemblies (11ms)
			BeforeProcessingInitializeOnLoad (349ms)
			ProcessInitializeOnLoadAttributes (1156ms)
			ProcessInitializeOnLoadMethodAttributes (539ms)
			AfterProcessingInitializeOnLoad (11ms)
			EditorAssembliesLoaded (1ms)
		ExecutionOrderSort2 (0ms)
		AwakeInstancesAfterBackupRestoration (25ms)
Refreshing native plugins compatible for Editor in 4.77 ms, found 5 plugins.
Preloading 1 native plugins for Editor in 0.13 ms.
Unloading 59 Unused Serialized files (Serialized files now loaded: 0)
Unloading 10280 unused Assets / (21.3 MB). Loaded Objects now: 11201.
Memory consumption went from 259.6 MB to 238.3 MB.
Total: 49.041200 ms (FindLiveObjects: 1.994700 ms CreateObjectMapping: 2.161300 ms MarkObjects: 32.296300 ms  DeleteObjects: 12.586800 ms)

Prepare: number of updated asset objects reloaded= 0
========================================================================
Received Prepare
Begin MonoManager ReloadAssembly
[Licensing::Client] Successfully resolved entitlement details
Symbol file LoadedFromMemory is not a mono symbol file
Symbol file LoadedFromMemory is not a mono symbol file
- Loaded All Assemblies, in  1.708 seconds
Refreshing native plugins compatible for Editor in 4.66 ms, found 5 plugins.
Native extension for WindowsStandalone target not found
[Package Manager] Failed to launch server process. Reason: Unity was launched with the -noUpm command-line argument
[Package Manager] Unable to send message (not connected to server process).
[Package Manager] Cannot connect to Unity Package Manager local server
Refreshing native plugins compatible for Editor in 4.53 ms, found 5 plugins.
[Package Manager] Failed to launch server process. Reason: Unity was launched with the -noUpm command-line argument
[Package Manager] Unable to send message (not connected to server process).
[Package Manager] Cannot connect to Unity Package Manager local server
[Licensing::Client] Error: Code 404 while processing request (status: Found 0 entitlement groups and 0 free entitlements matching requested entitlement ids)
ScheduleIndexationOnStartup MainProcess:False IndexOnStartup:True
Mono: successfully reloaded assembly
- Finished resetting the current domain, in  2.408 seconds
Domain Reload Profiling: 4114ms
	BeginReloadAssembly (440ms)
		ExecutionOrderSort (0ms)
		DisableScriptedObjects (11ms)
		BackupInstance (0ms)
		ReleaseScriptingObjects (0ms)
		CreateAndSetChildDomain (130ms)
	RebuildCommonClasses (79ms)
	RebuildNativeTypeToScriptingClass (28ms)
	initialDomainReloadingComplete (130ms)
	LoadAllAssembliesAndSetupDomain (1027ms)
		LoadAssemblies (775ms)
		RebuildTransferFunctionScriptingTraits (0ms)
		AnalyzeDomain (449ms)
			TypeCache.Refresh (13ms)
				TypeCache.ScanAssembly (0ms)
			BuildScriptInfoCaches (414ms)
			ResolveRequiredComponents (13ms)
	FinalizeReload (2408ms)
		ReleaseScriptCaches (0ms)
		RebuildScriptCaches (0ms)
		SetupLoadedEditorAssemblies (2157ms)
			LogAssemblyErrors (0ms)
			InitializePlatformSupportModulesInManaged (2ms)
			SetLoadedEditorAssemblies (8ms)
			BeforeProcessingInitializeOnLoad (361ms)
			ProcessInitializeOnLoadAttributes (1164ms)
			ProcessInitializeOnLoadMethodAttributes (610ms)
			AfterProcessingInitializeOnLoad (10ms)
			EditorAssembliesLoaded (1ms)
		ExecutionOrderSort2 (0ms)
		AwakeInstancesAfterBackupRestoration (24ms)
Refreshing native plugins compatible for Editor in 4.45 ms, found 5 plugins.
Preloading 1 native plugins for Editor in 0.10 ms.
Unloading 59 Unused Serialized files (Serialized files now loaded: 0)
Unloading 10280 unused Assets / (21.4 MB). Loaded Objects now: 11204.
Memory consumption went from 263.3 MB to 242.0 MB.
Total: 48.250800 ms (FindLiveObjects: 2.774400 ms CreateObjectMapping: 3.537200 ms MarkObjects: 24.445700 ms  DeleteObjects: 17.488700 ms)

Prepare: number of updated asset objects reloaded= 0
